Player,Pos,Age,Tm,FG,FGA,FG%,3P,3PA,3P%,2P,2PA,2P%,FT,FTA,FT%,ORB,AST,STL,TOV,PTS,Total Points
Precious Achiuwa,C,23,TOR,3.6,7.3,0.485,0.5,2.0,0.269,3.0,5.4,0.564,1.6,2.3,0.702,1.8,0.9,0.6,1.1,9.2,10.649
Steven Adams,C,29,MEM,3.7,6.3,0.597,0.0,0.0,0.0,3.7,6.2,0.599,1.1,3.1,0.364,5.1,2.3,0.9,1.9,8.6,13.367999999999999
Bam Adebayo,C,25,MIA,8.0,14.9,0.54,0.0,0.2,0.083,8.0,14.7,0.545,4.3,5.4,0.806,2.5,3.2,1.2,2.5,20.4,21.755
Ochai Agbaji,SG,22,UTA,2.8,6.5,0.427,1.4,3.9,0.355,1.4,2.7,0.532,0.9,1.2,0.812,0.7,1.1,0.3,0.7,7.9,8.266
Santi Aldama,PF,22,MEM,3.2,6.8,0.47,1.2,3.5,0.353,2.0,3.4,0.591,1.4,1.9,0.75,1.1,1.3,0.6,0.8,9.0,10.068
Nickeil Alexander-Walker,SG,24,TOT,2.2,5.0,0.444,1.0,2.7,0.384,1.2,2.3,0.515,0.7,1.0,0.667,0.3,1.8,0.5,0.9,6.2,5.994000000000001
Grayson Allen,SG,27,MIL,3.4,7.7,0.44,2.0,5.1,0.399,1.4,2.7,0.518,1.6,1.8,0.905,0.8,2.3,0.9,1.0,10.4,11.229000000000001
Jarrett Allen,C,24,CLE,5.9,9.2,0.644,0.0,0.1,0.1,5.9,9.1,0.653,2.4,3.3,0.733,3.3,1.7,0.8,1.4,14.3,17.404000000000003
Jose Alvarado,PG,24,NOP,3.3,8.0,0.411,1.4,4.0,0.336,1.9,4.0,0.488,1.1,1.3,0.813,0.5,3.0,1.1,1.3,9.0,9.46
Kyle Anderson,PF,29,MIN,3.7,7.2,0.509,0.6,1.5,0.41,3.0,5.7,0.536,1.4,2.0,0.735,1.0,4.9,1.1,1.5,9.4,9.92
Giannis Antetokounmpo,PF,28,MIL,11.2,20.3,0.553,0.7,2.7,0.275,10.5,17.6,0.596,7.9,12.3,0.645,2.2,5.7,0.8,3.9,31.1,30.031000000000006
Thanasis Antetokounmpo,PF,30,MIL,0.5,1.2,0.435,0.0,0.2,0.0,0.5,1.0,0.526,0.3,0.6,0.5,0.4,0.4,0.1,0.3,1.4,1.542
Cole Anthony,PG,22,ORL,4.6,10.2,0.454,1.3,3.4,0.364,3.4,6.7,0.5,2.5,2.8,0.894,0.8,3.9,0.6,1.5,13.0,13.108999999999998
OG Anunoby,SF,25,TOR,6.3,13.2,0.476,2.1,5.5,0.387,4.2,7.7,0.539,2.1,2.5,0.838,1.4,2.0,1.9,2.0,16.8,18.337
Ryan Arcidiacono,PG,28,TOT,0.5,1.9,0.243,0.4,1.2,0.348,0.1,0.7,0.071,0.0,0.0,,0.0,1.2,0.3,0.4,1.3,1.2850000000000001
Deni Avdija,SF,22,WAS,3.3,7.6,0.437,0.9,3.1,0.297,2.4,4.6,0.53,1.6,2.2,0.739,1.0,2.8,0.9,1.6,9.2,9.475
Deandre Ayton,C,24,PHO,7.8,13.2,0.589,0.1,0.4,0.292,7.7,12.9,0.597,2.3,3.0,0.76,2.6,1.7,0.6,1.8,18.0,19.688000000000002
Udoka Azubuike,C,23,UTA,1.6,2.0,0.819,0.0,0.0,,1.6,2.0,0.819,0.2,0.6,0.35,0.9,0.3,0.2,0.5,3.5,4.117
Marvin Bagley III,C,23,DET,4.8,9.1,0.529,0.5,1.6,0.288,4.4,7.5,0.579,1.9,2.6,0.75,2.2,0.9,0.5,1.1,12.0,14.106
Patrick Baldwin Jr.,SF,20,GSW,1.4,3.5,0.394,1.0,2.7,0.381,0.4,0.8,0.44,0.1,0.2,0.667,0.0,0.4,0.2,0.4,3.9,3.67
LaMelo Ball,PG,21,CHO,8.2,20.0,0.411,4.0,10.6,0.376,4.2,9.4,0.45,2.8,3.4,0.836,1.2,8.4,1.3,3.6,23.3,21.971
Mo Bamba,C,24,TOT,2.4,4.9,0.485,1.0,2.5,0.387,1.4,2.4,0.59,0.8,1.3,0.661,1.2,0.9,0.3,0.6,6.6,7.671000000000001
Paolo Banchero,PF,20,ORL,6.7,15.6,0.427,1.2,4.0,0.298,5.5,11.6,0.471,5.5,7.4,0.738,1.2,3.7,0.8,2.8,20.0,19.216
Desmond Bane,SG,24,MEM,7.8,16.2,0.479,2.9,7.0,0.408,4.9,9.2,0.534,3.1,3.5,0.883,0.7,4.4,1.0,2.2,21.5,21.046
Dalano Banton,PG,23,TOR,1.8,4.2,0.423,0.5,1.6,0.294,1.3,2.5,0.506,0.5,0.8,0.708,0.4,1.2,0.4,0.6,4.6,4.841999999999999
Dominick Barlow,PF,19,SAS,1.6,3.1,0.535,0.0,0.1,0.0,1.6,2.9,0.561,0.6,0.9,0.72,1.6,0.9,0.4,0.5,3.9,5.573
Harrison Barnes,PF,30,SAC,4.6,9.6,0.473,1.6,4.3,0.374,3.0,5.3,0.553,4.3,5.0,0.847,1.1,1.6,0.7,1.0,15.0,16.053000000000004
Scottie Barnes,SF,21,TOR,6.0,13.2,0.456,0.8,2.9,0.281,5.2,10.3,0.505,2.5,3.2,0.772,2.3,4.8,1.1,2.0,15.3,16.979
RJ Barrett,SG,22,NYK,7.0,16.1,0.434,1.7,5.3,0.31,5.3,10.8,0.495,4.0,5.4,0.74,0.8,2.8,0.4,2.2,19.6,18.573999999999998
Will Barton,SG,32,TOT,2.5,6.5,0.379,1.2,3.2,0.367,1.3,3.3,0.391,0.7,0.8,0.787,0.3,2.0,0.5,0.9,6.8,6.794
Charles Bassey,C,22,SAS,2.5,3.9,0.644,0.1,0.2,0.375,2.4,3.6,0.661,0.6,1.1,0.595,2.1,1.3,0.5,1.2,5.7,7.372999999999998
Keita Bates-Diop,PF,27,SAS,3.5,6.9,0.508,0.8,2.1,0.394,2.7,4.8,0.557,1.8,2.2,0.793,1.0,1.5,0.7,0.8,9.7,10.665000000000001
Nicolas Batum,PF,34,LAC,2.1,4.9,0.42,1.6,4.1,0.391,0.5,0.8,0.563,0.4,0.6,0.708,0.8,1.6,0.7,0.6,6.1,7.259
Darius Bazley,C,22,TOT,1.9,4.3,0.454,0.5,1.2,0.377,1.5,3.0,0.485,0.9,1.6,0.543,0.8,0.9,0.5,0.6,5.2,6.229000000000001
Bradley Beal,SG,29,WAS,8.9,17.6,0.506,1.6,4.4,0.365,7.3,13.2,0.552,3.8,4.6,0.842,0.8,5.4,0.9,2.9,23.2,21.843999999999998
Malik Beasley,SG,26,TOT,4.6,11.6,0.395,2.9,8.1,0.357,1.7,3.4,0.484,0.6,0.8,0.769,0.4,1.5,0.8,1.1,12.7,12.826999999999998
MarJon Beauchamp,SF,22,MIL,1.8,4.7,0.395,0.9,2.7,0.331,0.9,1.9,0.485,0.5,0.7,0.73,0.7,0.7,0.4,0.9,5.1,5.2509999999999994
Dāvis Bertāns,PF,30,DAL,1.5,3.6,0.431,1.2,3.1,0.39,0.3,0.4,0.737,0.3,0.3,0.867,0.2,0.5,0.2,0.2,4.6,4.735999999999999
Patrick Beverley,SG-PG,34,TOT,2.1,5.4,0.4,1.2,3.6,0.335,1.0,1.8,0.529,0.7,1.0,0.723,0.7,2.9,0.9,0.9,6.2,7.1259999999999994
Saddiq Bey,SF,23,TOT,4.6,10.9,0.422,2.0,5.4,0.361,2.6,5.4,0.483,2.7,3.1,0.861,1.3,1.5,0.9,0.9,13.8,15.433999999999997
Khem Birch,C,30,TOR,1.0,1.6,0.594,0.1,0.1,0.5,0.9,1.5,0.6,0.2,0.3,0.8,0.4,0.4,0.3,0.4,2.2,2.657
Goga Bitadze,C,23,TOT,1.8,3.3,0.552,0.2,0.7,0.231,1.7,2.6,0.636,0.6,1.1,0.548,1.6,1.0,0.4,0.6,4.4,6.257999999999999
Bismack Biyombo,C,30,PHO,2.0,3.4,0.578,0.0,0.0,,2.0,3.4,0.578,0.4,1.1,0.357,1.5,0.9,0.3,0.8,4.3,5.595
Buddy Boeheim,SF,23,DET,0.5,2.7,0.185,0.4,2.5,0.16,0.1,0.2,0.5,0.2,0.2,1.0,0.2,0.4,0.2,0.0,1.6,2.066
Bogdan Bogdanović,SG,30,ATL,5.1,11.3,0.447,2.7,6.7,0.406,2.4,4.6,0.506,1.2,1.4,0.831,0.4,2.8,0.8,1.2,14.0,14.112000000000002
Bojan Bogdanović,PF,33,DET,7.3,14.9,0.488,2.5,6.0,0.411,4.8,9.0,0.539,4.5,5.1,0.884,0.6,2.6,0.6,2.3,21.6,20.353
Bol Bol,PF,23,ORL,3.7,6.8,0.546,0.4,1.6,0.265,3.3,5.2,0.633,1.2,1.5,0.759,1.0,1.0,0.4,1.6,9.1,8.8
Leandro Bolmaro,SF,22,UTA,0.2,1.4,0.15,0.0,0.3,0.0,0.2,1.1,0.188,0.0,0.0,,0.3,0.5,0.2,0.5,0.4,0.40900000000000003
Devin Booker,SG,26,PHO,9.9,20.1,0.494,2.1,6.0,0.351,7.8,14.2,0.554,5.8,6.8,0.855,0.9,5.5,1.0,2.7,27.8,26.807
Brandon Boston Jr.,SF,21,LAC,2.3,5.5,0.418,0.5,1.3,0.414,1.8,4.2,0.419,1.3,1.7,0.763,0.3,0.9,0.4,0.5,6.5,6.638999999999999
Chris Boucher,PF,30,TOR,3.4,7.0,0.493,0.8,2.5,0.328,2.6,4.5,0.585,1.7,2.2,0.762,2.1,0.4,0.6,0.5,9.4,11.893
James Bouknight,SG,22,CHO,2.0,5.7,0.358,1.0,3.2,0.303,1.1,2.5,0.429,0.6,0.9,0.667,0.2,1.2,0.4,0.9,5.6,5.460999999999999
Jamaree Bouyea,PG,23,TOT,1.2,2.8,0.429,0.4,1.2,0.333,0.8,1.6,0.5,0.2,0.4,0.5,0.2,0.8,0.8,0.8,3.0,3.2360000000000007
Tony Bradley,C,25,CHI,0.5,1.0,0.5,0.3,0.4,0.6,0.3,0.6,0.429,0.3,0.3,1.0,0.1,0.1,0.1,0.1,1.6,1.9180000000000004
Malaki Branham,SG,19,SAS,4.1,9.3,0.44,1.2,3.9,0.302,2.9,5.4,0.539,0.9,1.1,0.829,0.4,1.9,0.5,1.2,10.2,9.966999999999999
Jarrell Brantley,PF,26,UTA,2.0,3.5,0.571,1.0,2.3,0.444,1.0,1.3,0.8,0.5,0.5,1.0,0.3,0.8,0.0,0.5,5.5,5.279
Christian Braun,SG,21,DEN,1.9,3.8,0.495,0.4,1.3,0.354,1.4,2.5,0.565,0.5,0.8,0.625,0.6,0.8,0.5,0.5,4.7,5.208
Mikal Bridges,SF-SG,26,TOT,7.1,15.3,0.468,2.0,5.3,0.382,5.1,9.9,0.514,3.8,4.3,0.895,1.0,3.3,1.1,1.5,20.1,20.72
Oshae Brissett,PF,24,IND,1.9,4.9,0.386,0.7,2.4,0.31,1.2,2.5,0.457,1.6,2.2,0.717,1.0,0.7,0.5,0.5,6.1,7.279999999999999
Malcolm Brogdon,PG,30,BOS,5.3,10.9,0.484,2.0,4.4,0.444,3.3,6.5,0.51,2.4,2.7,0.87,0.6,3.7,0.7,1.5,14.9,14.788000000000002
Dillon Brooks,SF,27,MEM,5.4,13.6,0.396,2.0,6.0,0.326,3.4,7.6,0.451,1.6,2.1,0.779,0.6,2.6,0.9,1.4,14.3,14.533000000000001
Bruce Brown,SF,26,DEN,4.5,9.3,0.483,1.1,3.2,0.358,3.3,6.1,0.548,1.5,1.9,0.758,0.8,3.4,1.1,1.5,11.5,11.884000000000002
Greg Brown III,PF,21,POR,0.7,1.8,0.393,0.1,0.4,0.143,0.6,1.3,0.476,0.3,0.8,0.417,0.1,0.2,0.3,0.4,1.8,1.803
Jaylen Brown,SF,26,BOS,10.1,20.6,0.491,2.4,7.3,0.335,7.7,13.4,0.576,3.9,5.1,0.765,1.2,3.5,1.1,2.9,26.6,25.846
Kendall Brown,SG,19,IND,0.7,1.2,0.571,0.0,0.2,0.0,0.7,1.0,0.667,0.2,0.3,0.5,0.3,0.5,0.7,0.3,1.5,2.4139999999999997
Moses Brown,C,23,TOT,1.7,2.7,0.635,0.0,0.0,,1.7,2.7,0.635,0.9,2.0,0.458,1.6,0.1,0.1,0.4,4.3,5.843
Sterling Brown,SF,27,LAL,0.0,1.0,0.0,0.0,0.5,0.0,0.0,0.5,0.0,0.0,0.0,,0.8,0.5,0.8,0.0,0.0,1.8639999999999999
Troy Brown Jr.,SF,23,LAL,2.6,6.1,0.43,1.4,3.7,0.381,1.2,2.4,0.505,0.4,0.5,0.872,0.8,1.3,0.8,0.6,7.1,8.174000000000001
Jalen Brunson,PG,26,NYK,8.6,17.6,0.491,2.0,4.7,0.416,6.7,12.8,0.519,4.8,5.8,0.829,0.6,6.2,0.9,2.1,24.0,23.528
Thomas Bryant,C,25,TOT,3.9,6.3,0.623,0.4,1.0,0.441,3.5,5.3,0.658,1.6,2.1,0.738,1.5,0.5,0.3,0.6,9.8,11.225
Reggie Bullock,SF,31,DAL,2.5,6.0,0.409,1.9,5.1,0.38,0.5,0.9,0.562,0.3,0.5,0.703,0.4,1.4,0.7,0.5,7.2,7.701999999999999
Alec Burks,SG,31,DET,3.9,9.0,0.436,1.9,4.7,0.414,2.0,4.3,0.459,3.0,3.7,0.814,0.4,2.2,0.7,1.1,12.8,12.711999999999998
Deonte Burton,PF,29,SAC,0.0,1.0,0.0,0.0,0.5,0.0,0.0,0.5,0.0,0.0,0.0,,0.0,0.0,0.0,0.0,0.0,0.0
Jared Butler,PG,22,OKC,2.5,5.3,0.469,1.2,2.3,0.5,1.3,3.0,0.444,0.0,0.0,,0.2,1.3,0.8,0.8,6.2,6.435999999999999
Jimmy Butler,PF,33,MIA,7.5,13.9,0.539,0.6,1.6,0.35,6.9,12.3,0.564,7.4,8.7,0.85,2.2,5.3,1.8,1.6,22.9,25.826
John Butler,C,20,POR,0.9,2.8,0.321,0.4,1.8,0.229,0.5,0.9,0.5,0.2,0.2,0.75,0.2,0.6,0.4,0.1,2.4,2.981
Jamal Cain,PF,23,MIA,2.1,3.7,0.561,0.4,1.1,0.35,1.7,2.6,0.652,0.9,1.2,0.773,0.8,0.7,0.6,0.3,5.4,6.789000000000001
Kentavious Caldwell-Pope,SG,29,DEN,3.8,8.3,0.462,1.8,4.2,0.423,2.1,4.1,0.502,1.4,1.6,0.824,0.5,2.4,1.5,1.1,10.8,12.05
Facundo Campazzo,PG,31,DAL,0.4,1.6,0.231,0.4,1.4,0.273,0.0,0.3,0.0,0.1,0.3,0.5,0.0,1.1,0.8,0.4,1.3,1.7600000000000002
Vlatko Čančar,PF,25,DEN,1.8,3.8,0.476,0.7,1.9,0.374,1.1,1.9,0.58,0.6,0.7,0.927,0.4,1.3,0.4,0.6,5.0,5.1419999999999995
Clint Capela,C,28,ATL,5.4,8.2,0.653,0.0,0.0,0.0,5.4,8.2,0.654,1.2,2.0,0.603,4.0,0.9,0.7,0.8,12.0,16.604999999999997
Vernon Carey Jr.,C,21,WAS,0.2,0.7,0.25,0.0,0.0,,0.2,0.7,0.25,0.2,0.2,1.0,0.3,0.3,0.2,0.2,0.5,0.9540000000000002
Jevon Carter,PG,27,MIL,3.0,7.0,0.423,1.8,4.2,0.421,1.2,2.8,0.425,0.4,0.5,0.816,0.4,2.4,0.8,1.0,8.0,8.442
Wendell Carter Jr.,C,23,ORL,5.6,10.8,0.525,1.4,3.9,0.356,4.2,6.8,0.624,2.5,3.4,0.738,2.1,2.3,0.5,1.9,15.2,15.968
Michael Carter-Williams,PG,31,ORL,1.5,3.5,0.429,0.3,0.8,0.333,1.3,2.8,0.455,1.0,1.8,0.571,0.3,1.8,0.3,1.0,4.3,4.0489999999999995
Alex Caruso,PG,28,CHI,1.9,4.3,0.455,0.8,2.3,0.364,1.1,2.0,0.556,0.9,1.1,0.808,0.6,2.9,1.5,1.1,5.6,6.668000000000001
Julian Champagnie,SF,21,TOT,3.5,7.6,0.454,1.9,4.8,0.402,1.5,2.8,0.542,0.8,1.0,0.824,0.6,0.6,0.4,0.6,9.7,9.978
Justin Champagnie,SF,21,TOT,1.0,3.0,0.333,0.2,1.0,0.2,0.8,2.0,0.4,0.0,0.0,,0.6,0.8,0.2,0.0,2.2,3.1380000000000003
Kennedy Chandler,PG,20,MEM,1.0,2.3,0.422,0.1,0.4,0.133,0.9,1.9,0.485,0.2,0.4,0.462,0.3,1.6,0.3,0.5,2.2,2.4240000000000004
Max Christie,SG,19,LAL,1.1,2.6,0.415,0.6,1.5,0.419,0.4,1.1,0.409,0.3,0.4,0.875,0.2,0.5,0.2,0.3,3.1,3.020999999999999
Josh Christopher,SG,21,HOU,2.4,5.1,0.465,0.3,1.4,0.236,2.1,3.8,0.55,0.7,0.9,0.75,0.3,1.1,0.5,0.9,5.8,5.694
Brandon Clarke,PF,26,MEM,4.1,6.2,0.656,0.0,0.1,0.167,4.1,6.1,0.665,1.8,2.4,0.723,1.6,1.3,0.6,1.0,10.0,11.427999999999999
Jordan Clarkson,SG,30,UTA,7.5,16.9,0.444,2.5,7.5,0.338,5.0,9.4,0.53,3.3,4.0,0.816,1.2,4.4,0.5,3.0,20.8,19.341
Nic Claxton,C,23,BRK,5.4,7.7,0.705,0.0,0.0,0.0,5.4,7.7,0.708,1.8,3.2,0.541,2.4,1.9,0.9,1.3,12.6,14.972000000000003
Amir Coffey,SF,25,LAC,1.1,2.9,0.386,0.2,0.8,0.275,0.9,2.1,0.429,1.0,1.3,0.778,0.3,1.1,0.1,0.4,3.4,3.4090000000000007
John Collins,PF,25,ATL,5.1,10.0,0.508,1.0,3.4,0.292,4.1,6.6,0.619,2.0,2.5,0.803,1.1,1.2,0.6,1.1,13.1,13.922999999999998
Zach Collins,C,25,SAS,4.5,8.7,0.518,0.9,2.3,0.374,3.6,6.4,0.571,1.7,2.3,0.761,1.8,2.9,0.6,2.0,11.6,12.114
Chance Comanche,C,26,POR,3.0,5.0,0.6,0.0,0.0,,3.0,5.0,0.6,1.0,4.0,0.25,2.0,0.0,0.0,0.0,7.0,9.36
Mike Conley,PG,35,TOT,3.9,9.1,0.428,2.0,5.2,0.385,1.9,3.9,0.486,2.1,2.5,0.834,0.5,6.7,1.1,1.5,11.9,12.030000000000001
Pat Connaughton,SF,30,MIL,2.7,6.9,0.392,1.8,5.3,0.339,0.9,1.6,0.566,0.4,0.7,0.659,0.8,1.3,0.6,0.5,7.6,8.659
Xavier Cooks,PF,27,WAS,1.7,2.8,0.607,0.0,0.1,0.0,1.7,2.7,0.63,0.4,1.0,0.4,1.6,0.6,0.6,0.8,3.8,5.458
Robert Covington,PF,32,LAC,2.1,4.8,0.445,1.1,2.8,0.397,1.0,1.9,0.516,0.6,0.8,0.75,0.6,1.2,0.8,0.7,6.0,6.723000000000001
Torrey Craig,PF,32,PHO,2.9,6.3,0.456,1.3,3.2,0.395,1.6,3.1,0.518,0.4,0.6,0.711,1.8,1.5,0.6,0.9,7.4,9.279
Jae Crowder,PF,32,MIL,2.5,5.2,0.479,1.3,3.1,0.436,1.2,2.2,0.538,0.6,0.7,0.833,0.9,1.5,0.7,0.4,6.9,8.307000000000002
Jarrett Culver,SF,23,ATL,1.7,4.3,0.395,0.1,1.2,0.083,1.6,3.1,0.516,0.9,1.3,0.692,1.0,0.6,0.6,0.7,4.4,5.465
Cade Cunningham,PG,21,DET,7.8,18.7,0.415,1.4,5.1,0.279,6.3,13.6,0.466,3.0,3.6,0.837,1.0,6.0,0.8,3.3,19.9,18.105
Seth Curry,SG,32,BRK,3.4,7.4,0.463,1.5,3.8,0.405,1.9,3.6,0.525,0.8,0.9,0.927,0.2,1.6,0.6,0.8,9.2,9.106000000000002
Stephen Curry,PG,34,GSW,10.0,20.2,0.493,4.9,11.4,0.427,5.1,8.8,0.579,4.6,5.0,0.915,0.7,6.3,0.9,3.2,29.4,27.681
Dyson Daniels,PG,19,NOP,1.5,3.5,0.418,0.5,1.5,0.314,1.0,2.1,0.492,0.4,0.7,0.65,0.6,2.3,0.7,1.0,3.8,4.263
Anthony Davis,C,29,LAL,9.7,17.2,0.563,0.3,1.3,0.257,9.3,15.9,0.589,6.2,7.9,0.784,3.5,2.6,1.1,2.2,25.9,28.564999999999998
Johnny Davis,SG,20,WAS,2.4,6.1,0.386,0.6,2.5,0.243,1.8,3.6,0.485,0.5,1.0,0.519,0.4,1.0,0.4,0.6,5.8,6.1419999999999995
Terence Davis,SG,25,SAC,2.4,5.7,0.423,1.4,3.8,0.366,1.0,1.9,0.537,0.5,0.7,0.791,0.3,1.0,0.7,0.8,6.7,6.938999999999999
JD Davison,SG,20,BOS,0.7,1.6,0.421,0.2,0.6,0.286,0.5,1.0,0.5,0.1,0.2,0.5,0.2,0.9,0.2,0.3,1.6,1.8210000000000004
Darius Days,SF,23,HOU,1.3,3.0,0.417,0.8,2.5,0.3,0.5,0.5,1.0,0.5,0.5,1.0,0.3,0.3,0.0,0.0,3.8,4.2540000000000004
Dewayne Dedmon,C,33,TOT,2.0,4.0,0.51,0.3,1.0,0.308,1.7,2.9,0.58,0.9,1.3,0.673,0.9,0.7,0.2,0.7,5.2,5.687000000000001
Matthew Dellavedova,PG,32,SAC,0.5,1.6,0.34,0.3,0.8,0.333,0.3,0.7,0.348,0.1,0.2,0.571,0.0,1.3,0.2,0.3,1.5,1.485
DeMar DeRozan,SF,33,CHI,8.9,17.6,0.504,0.6,1.9,0.324,8.3,15.7,0.526,6.2,7.1,0.872,0.5,5.1,1.1,2.1,24.5,24.040000000000003
Moussa Diabaté,C,21,LAC,1.1,2.1,0.511,0.0,0.1,0.5,1.0,2.0,0.511,0.5,0.7,0.625,1.4,0.2,0.3,0.4,2.7,4.037
Mamadi Diakite,C,26,CLE,1.1,2.3,0.48,0.3,1.0,0.333,0.8,1.3,0.586,0.1,0.1,1.0,0.4,0.4,0.2,0.5,2.6,2.7270000000000003
Hamidou Diallo,SF,24,DET,3.8,6.7,0.573,0.1,0.4,0.238,3.8,6.3,0.593,1.6,2.6,0.588,1.0,1.0,0.9,1.3,9.3,10.22
Gorgui Dieng,C,33,SAS,1.5,3.8,0.385,0.7,2.4,0.28,0.8,1.4,0.571,0.3,0.4,0.769,0.9,1.7,0.1,1.0,3.9,4.026999999999999
Ousmane Dieng,PF,19,OKC,1.9,4.6,0.42,0.7,2.5,0.265,1.3,2.1,0.602,0.4,0.6,0.652,0.5,1.2,0.4,0.7,4.9,5.345
Spencer Dinwiddie,SG-PG,29,TOT,5.8,13.3,0.438,2.3,6.2,0.369,3.5,7.1,0.498,3.4,4.2,0.812,0.4,6.5,0.8,1.8,17.3,16.622
Donte DiVincenzo,SG,26,GSW,3.3,7.5,0.435,2.1,5.3,0.397,1.2,2.3,0.525,0.8,1.0,0.817,1.1,3.5,1.3,1.6,9.4,10.453000000000001
Luka Dončić,PG,23,DAL,10.9,22.0,0.496,2.8,8.2,0.342,8.1,13.8,0.588,7.8,10.5,0.742,0.8,8.0,1.4,3.6,32.4,30.814
Tyler Dorsey,SF,26,DAL,1.3,1.7,0.8,0.3,0.7,0.5,1.0,1.0,1.0,0.0,0.0,,0.3,0.0,0.0,0.0,3.0,3.254
Luguentz Dort,SF,23,OKC,4.6,11.8,0.388,1.8,5.5,0.33,2.8,6.3,0.44,2.7,3.5,0.772,1.7,2.1,1.0,1.2,13.7,15.475999999999999
Ayo Dosunmu,SG,23,CHI,3.5,7.1,0.493,0.7,2.4,0.312,2.8,4.8,0.583,0.8,1.0,0.805,0.6,2.6,0.8,1.2,8.6,8.748000000000001
Devon Dotson,PG,23,WAS,0.2,1.7,0.1,0.2,0.7,0.25,0.0,1.0,0.0,0.0,0.0,,1.0,1.3,0.8,0.5,0.5,2.125
Jeff Dowtin,PG,25,TOR,1.0,2.3,0.439,0.2,0.6,0.313,0.8,1.6,0.488,0.2,0.4,0.667,0.2,1.2,0.4,0.2,2.4,2.866
PJ Dozier,SF,26,SAC,0.6,2.1,0.303,0.1,1.0,0.125,0.5,1.1,0.471,0.0,0.0,,0.1,0.6,0.4,0.3,1.4,1.5330000000000001
Goran Dragić,PG,36,TOT,2.4,5.8,0.421,0.9,2.5,0.359,1.5,3.3,0.468,0.5,0.8,0.689,0.3,2.6,0.2,1.1,6.3,5.519000000000001
Andre Drummond,C,29,CHI,2.5,4.1,0.606,0.0,0.0,0.0,2.5,4.0,0.613,1.0,1.9,0.536,2.1,0.5,0.7,1.1,6.0,8.017999999999999
Chris Duarte,SF,25,IND,2.7,7.2,0.369,1.2,3.8,0.316,1.5,3.5,0.428,1.3,1.6,0.847,0.4,1.4,0.5,0.9,7.9,7.911999999999999
David Duke Jr.,SG,23,BRK,1.6,3.4,0.462,0.0,0.5,0.083,1.5,2.9,0.53,0.5,0.7,0.706,0.5,0.9,0.4,0.8,3.7,3.63
Kris Dunn,PG,28,UTA,5.3,9.8,0.537,0.8,1.6,0.472,4.5,8.2,0.55,1.9,2.4,0.774,0.4,5.6,1.1,1.6,13.2,13.197000000000001
Kevin Durant,PF,34,TOT,10.3,18.3,0.56,2.0,4.9,0.404,8.3,13.4,0.617,6.5,7.1,0.919,0.4,5.0,0.7,3.3,29.1,26.582000000000004
Jalen Duren,C,19,DET,3.9,5.9,0.648,0.0,0.0,0.0,3.9,5.9,0.652,1.4,2.3,0.611,3.4,1.1,0.7,1.4,9.1,12.407
Tari Eason,PF,21,HOU,3.6,8.0,0.448,0.7,2.1,0.343,2.9,6.0,0.486,1.3,1.8,0.752,2.4,1.1,1.2,1.2,9.3,12.032
Anthony Edwards,SG,21,MIN,8.9,19.5,0.459,2.7,7.3,0.369,6.3,12.2,0.513,4.0,5.3,0.756,0.6,4.4,1.6,3.3,24.6,23.453000000000003
Kessler Edwards,SF,22,TOT,1.0,2.6,0.387,0.5,1.5,0.309,0.5,1.1,0.5,0.3,0.4,0.733,0.6,0.6,0.4,0.4,2.8,3.508
Keon Ellis,SG,23,SAC,0.4,1.0,0.438,0.4,0.8,0.5,0.1,0.3,0.25,0.3,0.4,0.571,0.3,0.4,0.3,0.1,1.5,2.284
Joel Embiid,C,28,PHI,11.0,20.1,0.548,1.0,3.0,0.33,10.0,17.1,0.587,10.0,11.7,0.857,1.7,4.2,1.0,3.4,33.1,32.246
Drew Eubanks,C,25,POR,2.7,4.3,0.641,0.1,0.2,0.389,2.7,4.1,0.655,1.1,1.6,0.664,1.7,1.3,0.5,0.9,6.6,8.346
Bruno Fernando,C,24,TOT,1.5,2.9,0.527,0.0,0.1,0.0,1.5,2.8,0.546,0.9,1.3,0.7,1.4,0.8,0.2,0.6,3.9,5.0920000000000005
Dorian Finney-Smith,PF,29,TOT,3.0,7.6,0.391,1.7,5.1,0.337,1.2,2.5,0.503,0.7,0.9,0.763,1.7,1.5,0.8,0.9,8.3,10.091
Malachi Flynn,PG,24,TOR,1.6,4.6,0.36,0.9,2.5,0.353,0.8,2.1,0.367,0.5,0.6,0.758,0.3,1.3,0.4,0.5,4.6,5.039000000000001
Simone Fontecchio,SF,27,UTA,2.2,6.0,0.369,1.2,3.7,0.33,1.0,2.3,0.43,0.7,0.8,0.795,0.6,0.8,0.3,0.8,6.3,6.433
Bryn Forbes,SG,29,MIN,1.2,3.3,0.361,0.6,1.8,0.304,0.6,1.5,0.432,0.6,0.6,1.0,0.2,0.7,0.3,0.5,3.6,3.606
Trent Forrest,SG,24,ATL,1.1,2.6,0.417,0.0,0.1,0.0,1.1,2.5,0.431,0.1,0.1,0.667,0.2,1.7,0.3,0.7,2.3,2.0760000000000005
Michael Foster Jr.,PF,20,PHI,0.0,0.0,,0.0,0.0,,0.0,0.0,,0.0,0.0,,0.0,0.0,0.0,0.0,0.0,0.0
Evan Fournier,SG,30,NYK,2.1,6.1,0.337,1.3,4.2,0.307,0.8,1.9,0.404,0.7,0.8,0.857,0.1,1.3,0.6,0.8,6.1,6.088000000000001
De'Aaron Fox,PG,25,SAC,9.3,18.2,0.512,1.6,5.0,0.324,7.7,13.2,0.584,4.7,6.0,0.78,0.5,6.1,1.1,2.5,25.0,23.880000000000003
Markelle Fultz,PG,24,ORL,5.8,11.3,0.514,0.5,1.5,0.31,5.4,9.9,0.544,1.9,2.4,0.783,1.2,5.7,1.5,2.3,14.0,14.696000000000002
Wenyen Gabriel,C,25,LAL,2.3,3.8,0.596,0.1,0.5,0.278,2.1,3.3,0.647,0.8,1.2,0.619,1.7,0.5,0.4,0.7,5.5,6.960999999999999
Daniel Gafford,C,24,WAS,3.7,5.1,0.732,0.0,0.0,,3.7,5.1,0.732,1.6,2.4,0.679,2.1,1.1,0.4,1.1,9.0,10.672999999999998
Darius Garland,PG,23,CLE,7.6,16.4,0.462,2.4,6.0,0.41,5.1,10.4,0.492,4.0,4.7,0.863,0.4,7.8,1.2,2.9,21.6,19.916999999999998
Usman Garuba,C,20,HOU,1.1,2.4,0.486,0.3,0.8,0.407,0.8,1.6,0.525,0.4,0.6,0.617,1.6,0.9,0.6,0.6,3.0,4.788
Luka Garza,C,24,MIN,2.3,4.1,0.543,0.5,1.4,0.359,1.8,2.8,0.636,1.5,1.9,0.788,1.2,0.6,0.1,0.5,6.5,7.556
Rudy Gay,PF,36,UTA,1.9,5.1,0.38,0.6,2.3,0.254,1.4,2.8,0.484,0.8,0.9,0.857,0.6,1.0,0.3,0.7,5.2,5.648
Paul George,SF,32,LAC,8.2,17.9,0.457,2.8,7.6,0.371,5.4,10.3,0.521,4.6,5.3,0.871,0.8,5.1,1.5,3.1,23.8,22.903999999999996
Taj Gibson,C,37,WAS,1.3,2.6,0.52,0.2,0.5,0.333,1.2,2.1,0.564,0.6,0.9,0.714,0.7,0.7,0.3,0.5,3.4,4.196
Josh Giddey,PF,20,OKC,7.1,14.7,0.482,1.0,3.1,0.325,6.1,11.6,0.524,1.4,1.9,0.731,1.9,6.2,0.8,2.8,16.6,16.542
Shai Gilgeous-Alexander,PG,24,OKC,10.4,20.3,0.51,0.9,2.5,0.345,9.5,17.8,0.533,9.8,10.9,0.905,0.9,5.5,1.6,2.8,31.4,31.182000000000002
Anthony Gill,PF,30,WAS,1.2,2.2,0.538,0.1,0.5,0.138,1.1,1.7,0.65,0.8,1.1,0.731,0.6,0.6,0.1,0.3,3.3,3.7780000000000005
Jacob Gilyard,PG,24,MEM,1.0,3.0,0.333,1.0,3.0,0.333,0.0,0.0,,0.0,0.0,,0.0,7.0,3.0,2.0,3.0,4.1499999999999995
Rudy Gobert,C,30,MIN,5.1,7.8,0.659,0.0,0.0,0.0,5.1,7.8,0.663,3.1,4.9,0.644,3.3,1.2,0.8,1.7,13.4,16.159
Jordan Goodwin,PG,24,WAS,2.5,5.7,0.448,0.6,1.9,0.322,1.9,3.8,0.511,0.9,1.1,0.768,0.9,2.7,0.9,0.9,6.6,7.561999999999999
Aaron Gordon,PF,27,DEN,6.3,11.2,0.564,0.9,2.5,0.347,5.4,8.6,0.628,2.8,4.6,0.608,2.4,3.0,0.8,1.4,16.3,18.442
Eric Gordon,SG,34,TOT,4.2,9.5,0.446,1.9,5.2,0.371,2.3,4.3,0.535,2.1,2.5,0.821,0.2,2.7,0.6,1.5,12.4,11.600999999999999
Devonte' Graham,PG,27,TOT,2.2,5.9,0.374,1.6,4.6,0.352,0.6,1.3,0.452,1.3,1.8,0.748,0.3,2.7,0.6,0.7,7.4,7.5390000000000015
Jerami Grant,PF,28,POR,6.9,14.5,0.475,2.3,5.7,0.401,4.6,8.8,0.523,4.4,5.4,0.813,0.8,2.4,0.8,1.8,20.5,20.293999999999997
RaiQuan Gray,PF,23,BRK,6.0,12.0,0.5,2.0,5.0,0.4,4.0,7.0,0.571,2.0,2.0,1.0,3.0,7.0,0.0,4.0,16.0,14.94
A.J. Green,SG,23,MIL,1.5,3.6,0.424,1.3,3.0,0.419,0.3,0.6,0.45,0.1,0.1,1.0,0.2,0.6,0.2,0.3,4.4,4.720999999999999
Danny Green,SG,35,TOT,2.0,4.5,0.449,1.5,3.4,0.432,0.5,1.1,0.5,0.1,0.1,1.0,0.3,0.5,0.5,0.9,5.5,5.494
Draymond Green,PF,32,GSW,3.4,6.5,0.527,0.5,1.8,0.305,2.9,4.7,0.612,1.1,1.5,0.713,0.9,6.8,1.0,2.8,8.5,7.392
Jalen Green,SG,20,HOU,7.4,17.9,0.416,2.5,7.3,0.338,5.0,10.6,0.471,4.8,6.1,0.786,0.6,3.7,0.8,2.6,22.1,20.938
JaMychal Green,PF,32,GSW,2.4,4.4,0.54,0.7,1.9,0.378,1.6,2.5,0.667,0.9,1.2,0.776,1.3,0.9,0.4,0.9,6.4,7.158999999999999
Javonte Green,SF,29,CHI,1.9,3.4,0.565,0.4,1.1,0.371,1.5,2.3,0.658,0.9,1.4,0.667,0.8,0.7,0.8,0.6,5.2,6.274000000000001
Jeff Green,PF,36,DEN,2.9,5.9,0.488,0.5,1.9,0.288,2.3,4.0,0.58,1.6,2.1,0.744,0.7,1.2,0.3,0.8,7.8,7.9510000000000005
Josh Green,SG,22,DAL,3.4,6.4,0.537,1.1,2.8,0.402,2.3,3.6,0.643,1.1,1.6,0.723,0.9,1.7,0.7,1.2,9.1,9.486999999999998
AJ Griffin,SF,19,ATL,3.4,7.4,0.465,1.4,3.6,0.39,2.0,3.8,0.536,0.6,0.7,0.894,0.5,1.0,0.6,0.6,8.9,9.389999999999999
Blake Griffin,C,33,BOS,1.5,3.2,0.485,0.6,1.6,0.348,1.0,1.6,0.625,0.5,0.8,0.656,1.1,1.5,0.3,0.5,4.1,5.367999999999999
Quentin Grimes,SG,22,NYK,4.0,8.5,0.468,2.2,5.7,0.386,1.8,2.7,0.641,1.1,1.4,0.796,0.7,2.1,0.7,1.0,11.3,11.781
Rui Hachimura,PF,24,TOT,4.5,9.3,0.486,0.8,2.5,0.319,3.7,6.7,0.55,1.4,1.9,0.739,0.8,0.9,0.3,0.8,11.2,11.569000000000003
Tyrese Haliburton,PG,22,IND,7.4,15.0,0.49,2.9,7.2,0.4,4.5,7.8,0.572,3.1,3.6,0.871,0.6,10.4,1.6,2.5,20.7,20.473
Jordan Hall,SF,21,SAS,1.0,3.1,0.321,0.3,1.7,0.2,0.7,1.4,0.462,0.8,1.0,0.778,0.3,1.2,0.1,0.8,3.1,2.649
R.J. Hampton,SG,21,TOT,2.2,5.0,0.43,0.9,2.5,0.353,1.3,2.6,0.504,1.2,1.6,0.75,0.4,1.1,0.6,0.9,6.4,6.627000000000001
Tim Hardaway Jr.,SF,30,DAL,4.8,11.9,0.401,3.0,7.7,0.385,1.8,4.2,0.431,1.8,2.3,0.77,0.3,1.8,0.7,0.8,14.4,14.639
James Harden,PG,33,PHI,6.4,14.5,0.441,2.8,7.2,0.385,3.6,7.3,0.495,5.4,6.2,0.867,0.7,10.7,1.2,3.4,21.0,19.296
Jaden Hardy,SG,20,DAL,3.0,6.9,0.438,1.3,3.3,0.404,1.7,3.7,0.469,1.4,1.6,0.823,0.2,1.4,0.4,1.0,8.8,8.246
Ron Harper Jr.,PF,22,TOR,0.9,1.8,0.5,0.3,1.0,0.333,0.6,0.8,0.714,0.1,0.1,1.0,0.3,0.4,0.0,0.0,2.2,2.554
Montrezl Harrell,C,29,PHI,2.2,3.7,0.598,0.0,0.1,0.0,2.2,3.6,0.616,1.2,1.8,0.693,1.2,0.6,0.3,0.6,5.6,6.670999999999999
Gary Harris,SG,28,ORL,2.9,6.4,0.45,2.0,4.5,0.431,0.9,1.9,0.494,0.6,0.6,0.9,0.4,1.2,0.9,0.6,8.3,9.217
Joe Harris,SF,31,BRK,2.7,5.9,0.457,1.9,4.5,0.426,0.8,1.4,0.551,0.2,0.4,0.643,0.3,1.4,0.5,0.6,7.6,7.738999999999999
Kevon Harris,SG,25,ORL,1.4,3.1,0.439,0.5,1.3,0.372,0.9,1.9,0.484,0.9,1.2,0.756,0.8,0.5,0.5,0.6,4.1,5.029
Tobias Harris,SF,30,PHI,5.7,11.4,0.501,1.7,4.4,0.389,4.0,7.0,0.57,1.5,1.7,0.876,0.9,2.5,0.9,1.2,14.7,15.317
Shaquille Harrison,SG,29,POR,3.0,7.2,0.417,0.6,2.0,0.3,2.4,5.2,0.462,2.2,3.0,0.733,0.2,6.0,2.2,1.2,8.8,10.186
Josh Hart,SF,27,TOT,3.6,6.8,0.529,0.8,2.2,0.372,2.8,4.7,0.601,1.7,2.3,0.75,1.9,3.8,1.2,1.5,9.8,11.597
Isaiah Hartenstein,C,24,NYK,2.1,4.0,0.535,0.1,0.5,0.216,2.0,3.5,0.576,0.6,0.9,0.676,2.5,1.2,0.6,0.8,5.0,7.619999999999999
Udonis Haslem,C,42,MIA,1.4,4.1,0.345,0.4,1.3,0.333,1.0,2.9,0.35,0.6,0.7,0.8,0.6,0.0,0.1,0.1,3.9,4.508
Sam Hauser,SF,25,BOS,2.3,5.0,0.455,1.8,4.2,0.418,0.5,0.8,0.656,0.2,0.2,0.706,0.4,0.9,0.4,0.4,6.4,7.072000000000001
Jaxson Hayes,C,22,NOP,1.8,3.3,0.551,0.1,0.6,0.103,1.8,2.7,0.654,1.2,1.8,0.699,0.8,0.7,0.4,0.7,5.0,5.699000000000001
Killian Hayes,PG,21,DET,4.0,10.7,0.377,1.1,3.8,0.28,3.0,7.0,0.429,1.2,1.5,0.821,0.4,6.2,1.4,2.3,10.3,9.937
Gordon Hayward,SF,32,CHO,5.5,11.6,0.475,1.0,3.2,0.325,4.5,8.4,0.532,2.6,3.2,0.811,0.7,4.1,0.8,2.0,14.7,14.046
Juancho Hernangómez,PF,27,TOR,1.1,2.7,0.421,0.4,1.6,0.254,0.7,1.1,0.66,0.2,0.4,0.563,0.6,0.6,0.4,0.4,2.9,3.508
Willy Hernangómez,C,28,NOP,2.3,4.4,0.527,0.1,0.3,0.273,2.3,4.2,0.544,2.1,2.7,0.779,1.5,0.9,0.4,1.0,6.9,8.08
Tyler Herro,SG,23,MIA,7.3,16.6,0.439,3.0,8.0,0.378,4.2,8.5,0.497,2.5,2.7,0.934,0.4,4.2,0.8,2.4,20.1,18.532000000000004
Buddy Hield,SF,30,IND,5.9,13.0,0.458,3.6,8.5,0.425,2.3,4.5,0.518,1.3,1.6,0.822,0.8,2.8,1.2,1.7,16.8,17.069
Haywood Highsmith,PF,26,MIA,1.7,4.0,0.431,0.7,2.0,0.339,1.0,2.0,0.523,0.2,0.5,0.464,1.1,0.8,0.7,0.8,4.4,5.483
George Hill,PG-SG,36,TOT,1.7,3.6,0.47,0.7,2.1,0.358,1.0,1.5,0.62,0.9,1.2,0.764,0.3,2.4,0.6,0.7,5.0,5.239000000000001
Malcolm Hill,SF,27,CHI,0.4,0.8,0.5,0.2,0.6,0.333,0.2,0.2,1.0,0.0,0.0,,0.0,0.0,0.0,0.0,1.0,1.0
Aaron Holiday,PG,26,ATL,1.5,3.5,0.418,0.6,1.4,0.409,0.9,2.1,0.424,0.4,0.5,0.844,0.4,1.4,0.6,0.6,3.9,4.4719999999999995
Jrue Holiday,PG,32,MIL,7.3,15.3,0.479,2.4,6.1,0.384,5.0,9.1,0.542,2.3,2.6,0.859,1.2,7.4,1.2,2.9,19.3,18.961
Justin Holiday,SF,33,TOT,1.7,4.4,0.377,1.0,3.1,0.322,0.7,1.3,0.508,0.1,0.2,0.625,0.1,0.9,0.4,0.5,4.5,4.503
Richaun Holmes,C,29,SAC,1.3,2.1,0.618,0.1,0.2,0.625,1.2,1.9,0.617,0.4,0.5,0.789,0.7,0.2,0.1,0.3,3.1,3.6960000000000006
Al Horford,C,36,BOS,3.6,7.6,0.476,2.3,5.2,0.446,1.3,2.4,0.539,0.2,0.3,0.714,1.2,3.0,0.5,0.6,9.8,11.001
Talen Horton-Tucker,SG,22,UTA,4.0,9.4,0.419,0.9,3.1,0.286,3.1,6.3,0.485,1.9,2.6,0.75,0.6,3.8,0.6,1.9,10.7,10.013000000000002
Danuel House Jr.,SF,29,PHI,1.7,3.5,0.472,0.7,2.0,0.336,1.0,1.6,0.644,0.8,1.1,0.75,0.2,0.8,0.3,0.5,4.8,4.905999999999999
Caleb Houstan,SF,20,ORL,1.3,3.6,0.363,0.9,2.7,0.338,0.4,0.9,0.435,0.3,0.4,0.833,0.7,0.6,0.2,0.4,3.8,4.396
Trevor Hudgins,PG,23,HOU,0.4,1.8,0.222,0.4,1.6,0.25,0.0,0.2,0.0,0.6,0.6,1.0,0.0,0.6,0.0,0.2,1.8,1.5700000000000003
Kevin Huerter,SG,24,SAC,5.6,11.5,0.485,2.7,6.8,0.402,2.9,4.7,0.604,1.3,1.7,0.725,0.6,2.9,1.1,1.3,15.2,15.678000000000003
Jay Huff,C,24,WAS,2.1,3.6,0.6,0.9,1.7,0.5,1.3,1.9,0.692,2.1,2.3,0.938,0.9,1.4,0.4,0.7,7.3,8.117
De'Andre Hunter,SF,25,ATL,5.7,12.3,0.461,1.5,4.3,0.35,4.2,8.0,0.521,2.6,3.1,0.826,0.7,1.4,0.5,1.2,15.4,15.521
Bones Hyland,PG,22,TOT,4.1,10.2,0.399,2.1,5.6,0.371,2.0,4.6,0.434,1.5,1.8,0.843,0.4,3.1,0.7,1.5,11.8,11.352
Serge Ibaka,C,33,MIL,1.6,3.4,0.481,0.4,1.1,0.333,1.3,2.3,0.556,0.5,0.8,0.615,0.9,0.3,0.1,0.7,4.1,4.6720000000000015
Andre Iguodala,PF,39,GSW,0.9,1.9,0.467,0.1,1.1,0.111,0.8,0.8,1.0,0.3,0.4,0.667,0.4,2.4,0.5,1.1,2.1,1.982
Joe Ingles,SF,35,MIL,2.3,5.4,0.435,1.8,4.4,0.409,0.5,1.0,0.556,0.4,0.5,0.857,0.3,3.3,0.7,1.2,6.9,6.579000000000001
Brandon Ingram,SF,25,NOP,9.0,18.6,0.484,1.4,3.6,0.39,7.6,14.9,0.507,5.3,6.0,0.882,0.5,5.8,0.7,3.3,24.7,22.3
Kyrie Irving,PG-SG,30,TOT,9.9,20.1,0.494,3.1,8.3,0.379,6.8,11.8,0.574,4.1,4.6,0.905,1.0,5.5,1.1,2.1,27.1,27.03
Jonathan Isaac,PF,25,ORL,2.0,4.8,0.415,0.5,1.4,0.4,1.5,3.5,0.421,0.5,0.8,0.556,1.4,0.5,1.3,0.4,5.0,7.687
Jaden Ivey,SG,20,DET,5.5,13.3,0.416,1.6,4.7,0.343,3.9,8.6,0.457,3.6,4.8,0.747,1.0,5.2,0.8,3.2,16.3,14.620000000000005
Frank Jackson,PG,24,UTA,0.0,3.0,0.0,0.0,1.0,0.0,0.0,2.0,0.0,0.0,0.0,,1.0,1.0,0.0,0.0,0.0,1.18
Isaiah Jackson,C,21,IND,2.8,5.0,0.563,0.0,0.2,0.143,2.8,4.8,0.582,1.5,2.3,0.651,1.8,0.8,0.5,0.8,7.2,8.879
Jaren Jackson Jr.,C,23,MEM,6.6,13.0,0.506,1.6,4.5,0.355,5.0,8.6,0.585,3.8,4.9,0.788,1.7,1.0,1.0,1.7,18.6,19.801000000000002
Justin Jackson,SF,27,BOS,0.3,1.2,0.259,0.2,0.9,0.25,0.1,0.3,0.286,0.0,0.1,0.5,0.1,0.4,0.2,0.1,0.9,1.0330000000000001
Quenton Jackson,PG,24,WAS,2.1,4.7,0.452,0.1,1.3,0.083,2.0,3.3,0.6,1.9,2.4,0.773,0.2,1.7,0.4,0.4,6.2,6.435999999999999
Reggie Jackson,PG,32,TOT,3.9,9.4,0.411,1.4,4.2,0.333,2.5,5.2,0.474,1.0,1.1,0.91,0.4,3.4,0.7,1.7,10.2,9.521999999999998
LeBron James,PF,38,LAL,11.1,22.2,0.5,2.2,6.9,0.321,8.9,15.3,0.58,4.6,5.9,0.768,1.2,6.8,0.9,3.2,28.9,27.771
Ty Jerome,SG,25,GSW,2.6,5.4,0.488,0.8,2.0,0.389,1.8,3.4,0.546,0.8,0.9,0.927,0.2,3.0,0.5,0.7,6.9,6.806
Isaiah Joe,SG,23,OKC,3.1,7.0,0.441,2.2,5.4,0.409,0.9,1.6,0.553,1.1,1.4,0.82,0.4,1.2,0.7,0.5,9.5,10.202
Alize Johnson,PF,26,SAS,0.8,1.5,0.5,0.0,0.5,0.0,0.8,1.0,0.75,0.3,0.5,0.5,0.5,0.3,0.3,1.0,1.8,1.685
Cameron Johnson,PF,26,TOT,5.3,11.3,0.47,2.5,6.1,0.404,2.9,5.2,0.548,2.4,2.9,0.842,0.8,1.9,1.2,0.9,15.5,16.989
Jalen Johnson,SF,21,ATL,2.3,4.6,0.491,0.4,1.5,0.288,1.8,3.1,0.587,0.7,1.1,0.628,0.7,1.2,0.5,0.6,5.6,6.211
James Johnson,PF,35,IND,1.2,2.7,0.449,0.2,0.8,0.2,1.1,1.9,0.559,0.2,0.4,0.5,0.2,0.8,0.4,0.4,2.8,3.2360000000000007
Keldon Johnson,SF,23,SAS,8.0,17.7,0.452,2.1,6.5,0.329,5.9,11.2,0.523,3.9,5.2,0.749,0.9,2.9,0.7,2.1,22.0,21.452
Keon Johnson,SG,20,POR,1.7,4.5,0.376,0.7,2.0,0.346,1.0,2.4,0.402,0.7,1.0,0.659,0.3,1.5,0.5,1.1,4.7,4.464
Stanley Johnson,SF,26,SAS,2.2,4.1,0.533,0.6,1.3,0.45,1.6,2.7,0.573,0.9,1.3,0.667,0.7,2.2,0.5,1.1,5.8,6.0360000000000005
Nikola Jokić,C,27,DEN,9.4,14.8,0.632,0.8,2.2,0.383,8.5,12.7,0.675,4.9,6.0,0.822,2.4,9.8,1.3,3.6,24.5,24.487
Carlik Jones,PG,25,CHI,0.9,2.1,0.4,0.4,0.9,0.5,0.4,1.3,0.333,0.7,1.1,0.625,0.1,0.9,0.3,0.3,2.9,2.8180000000000005
Damian Jones,C,27,TOT,1.3,2.1,0.64,0.2,0.4,0.588,1.1,1.7,0.652,0.5,0.7,0.759,1.0,0.4,0.2,0.6,3.5,4.020000000000001
Derrick Jones Jr.,PF,25,CHI,1.8,3.6,0.5,0.4,1.3,0.338,1.4,2.3,0.587,1.0,1.3,0.738,0.9,0.5,0.5,0.4,5.0,6.1770000000000005
Herbert Jones,PF,24,NOP,3.6,7.6,0.469,0.8,2.5,0.335,2.7,5.1,0.536,1.9,2.4,0.764,1.5,2.5,1.6,1.3,9.8,11.815000000000001
Kai Jones,C,22,CHO,1.5,2.6,0.558,0.1,0.4,0.211,1.4,2.2,0.624,0.4,0.6,0.731,0.8,0.3,0.4,0.7,3.4,4.098999999999999
Tre Jones,PG,23,SAS,5.0,10.9,0.459,0.7,2.3,0.285,4.4,8.6,0.506,2.2,2.5,0.86,0.8,6.6,1.3,1.6,12.9,13.699
Tyus Jones,PG,26,MEM,3.9,8.9,0.438,1.5,4.1,0.371,2.4,4.8,0.495,1.0,1.3,0.8,0.4,5.2,1.0,0.9,10.3,10.887
DeAndre Jordan,C,34,DEN,2.3,2.9,0.765,0.0,0.0,1.0,2.2,2.9,0.763,0.6,1.2,0.458,1.3,0.9,0.3,1.2,5.1,5.499
Cory Joseph,PG,31,DET,2.4,5.7,0.427,1.1,2.9,0.389,1.3,2.8,0.468,0.9,1.2,0.792,0.3,3.5,0.5,0.9,6.9,6.694000000000001
Nikola Jović,PF,19,MIA,1.9,4.6,0.406,0.5,2.3,0.229,1.3,2.3,0.588,1.2,1.3,0.947,0.6,0.7,0.5,0.7,5.5,5.7780000000000005
Johnny Juzang,SG,21,UTA,1.9,5.8,0.337,0.8,3.5,0.238,1.1,2.3,0.488,0.1,0.2,0.5,0.4,0.4,0.2,0.2,4.8,5.172000000000001
Mfiondu Kabengele,PF,25,BOS,0.5,1.8,0.286,0.0,0.8,0.0,0.5,1.0,0.5,0.5,0.5,1.0,1.3,0.0,0.5,0.3,1.5,3.2640000000000002
Frank Kaminsky,C,29,TOT,0.9,1.8,0.492,0.4,0.9,0.394,0.5,0.8,0.6,0.4,0.4,0.875,0.2,0.9,0.2,0.3,2.5,2.721
Trevor Keels,SG,19,NYK,0.3,1.3,0.25,0.3,1.3,0.25,0.0,0.0,,0.0,0.0,,0.0,0.0,0.0,0.0,1.0,0.8999999999999999
Luke Kennard,SG,26,TOT,3.2,6.5,0.492,2.3,4.6,0.494,0.9,1.9,0.487,0.6,0.7,0.949,0.3,1.5,0.5,0.8,9.3,9.308999999999997
Walker Kessler,C,21,UTA,4.0,5.6,0.72,0.0,0.0,0.333,4.0,5.6,0.723,1.1,2.1,0.516,3.1,0.9,0.4,0.8,9.2,12.298
Braxton Key,SF,25,DET,0.3,0.3,1.0,0.0,0.0,,0.3,0.3,1.0,0.7,0.7,1.0,0.0,0.0,0.0,0.0,1.3,1.2999999999999998
Louis King,PF,23,PHI,8.0,13.0,0.615,4.0,8.0,0.5,4.0,5.0,0.8,0.0,1.0,0.0,2.0,2.0,1.0,2.0,20.0,21.209999999999997
Corey Kispert,SF,23,WAS,3.9,7.9,0.497,2.2,5.2,0.424,1.7,2.7,0.637,1.0,1.2,0.852,0.4,1.2,0.4,0.7,11.1,11.126999999999999
Maxi Kleber,PF,31,DAL,2.1,4.6,0.456,1.1,3.0,0.348,1.0,1.5,0.667,0.7,1.0,0.711,0.8,1.4,0.3,0.7,5.9,6.484000000000001
Nathan Knight,C,25,MIN,1.2,2.1,0.568,0.2,0.6,0.364,1.0,1.6,0.644,1.0,1.5,0.684,0.6,0.3,0.3,0.6,3.7,3.9629999999999996
Kevin Knox,SF-PF,23,TOT,2.4,5.3,0.458,1.0,3.0,0.349,1.4,2.3,0.596,0.7,1.0,0.767,0.5,0.5,0.4,0.8,6.6,6.63
Christian Koloko,C,22,TOR,1.2,2.6,0.48,0.0,0.2,0.083,1.2,2.4,0.514,0.6,1.0,0.627,1.4,0.5,0.4,0.3,3.1,4.767
John Konchar,SF,26,MEM,1.9,4.4,0.431,0.8,2.5,0.339,1.1,2.0,0.545,0.4,0.5,0.778,0.9,1.4,1.1,0.5,5.1,6.752000000000001
Furkan Korkmaz,SG,25,PHI,1.3,3.0,0.432,0.5,1.2,0.391,0.8,1.8,0.462,0.7,1.0,0.722,0.2,0.6,0.3,0.6,3.8,3.6909999999999994
Luke Kornet,C,27,BOS,1.6,2.5,0.665,0.0,0.2,0.231,1.6,2.3,0.701,0.5,0.6,0.821,1.2,0.8,0.2,0.4,3.8,4.886
Vit Krejci,PG,22,ATL,0.5,1.3,0.405,0.2,0.7,0.238,0.3,0.6,0.625,0.0,0.1,0.5,0.2,0.6,0.2,0.2,1.2,1.4360000000000002
Jonathan Kuminga,PF,20,GSW,3.9,7.4,0.525,0.8,2.2,0.37,3.1,5.2,0.59,1.3,2.1,0.652,1.0,1.9,0.6,1.4,9.9,10.160000000000002
Kyle Kuzma,PF,27,WAS,8.0,17.8,0.448,2.5,7.5,0.333,5.5,10.3,0.533,2.7,3.7,0.73,0.9,3.7,0.6,3.0,21.2,19.502000000000002
Anthony Lamb,SF,25,GSW,2.4,5.1,0.471,1.2,3.2,0.367,1.2,1.9,0.652,0.7,1.0,0.767,0.9,1.5,0.5,0.9,6.7,7.302
Jock Landale,C,27,PHO,2.6,4.9,0.528,0.3,1.2,0.25,2.3,3.7,0.621,1.1,1.5,0.752,1.7,1.0,0.2,0.9,6.6,7.801
Romeo Langford,SG,23,SAS,2.8,6.0,0.467,0.4,1.4,0.262,2.4,4.6,0.53,0.9,1.3,0.696,1.3,1.2,0.6,0.7,6.9,8.319
Jake LaRavia,PF,21,MEM,1.1,2.7,0.389,0.7,2.0,0.338,0.4,0.7,0.542,0.2,0.3,0.778,0.5,0.6,0.3,0.5,3.0,3.459999999999999
Zach LaVine,SG,27,CHI,8.7,18.0,0.485,2.6,7.1,0.375,6.1,11.0,0.556,4.7,5.6,0.848,0.5,4.2,0.9,2.5,24.8,23.45
A.J. Lawson,SG,22,TOT,1.5,2.9,0.5,0.7,1.7,0.4,0.8,1.3,0.632,0.1,0.5,0.25,0.4,0.1,0.1,0.2,3.7,4.157
Damion Lee,SG,30,PHO,2.7,6.1,0.442,1.5,3.3,0.445,1.2,2.8,0.439,1.3,1.4,0.904,0.5,1.3,0.4,1.1,8.2,7.985
Saben Lee,PG,23,TOT,2.0,4.8,0.405,0.4,1.2,0.367,1.5,3.6,0.418,1.7,2.3,0.737,0.5,2.7,0.8,1.0,6.0,6.26
Alex Len,C,29,SAC,0.6,1.2,0.533,0.0,0.1,0.0,0.6,1.1,0.571,0.4,0.6,0.688,0.9,0.5,0.2,0.6,1.7,2.202
Kawhi Leonard,SF,31,LAC,8.6,16.8,0.512,2.0,4.8,0.416,6.6,11.9,0.551,4.7,5.4,0.871,1.1,3.9,1.4,1.7,23.8,24.853
Meyers Leonard,C,30,MIL,1.6,3.2,0.483,0.8,2.0,0.389,0.8,1.2,0.636,0.9,1.0,0.889,1.3,0.1,0.2,0.7,4.8,5.859
Caris LeVert,SG,28,CLE,4.3,10.0,0.431,1.7,4.4,0.392,2.6,5.6,0.462,1.8,2.4,0.722,0.7,3.9,1.0,1.6,12.1,12.236000000000002
Kira Lewis Jr.,PG,21,NOP,1.6,3.5,0.455,0.6,1.4,0.441,1.0,2.2,0.463,0.8,0.9,0.864,0.2,0.9,0.4,0.4,4.6,4.835999999999999
Damian Lillard,PG,32,POR,9.6,20.7,0.463,4.2,11.3,0.371,5.4,9.4,0.574,8.8,9.6,0.914,0.8,7.3,0.9,3.3,32.2,30.384000000000004
Nassir Little,SF,22,POR,2.5,5.6,0.442,1.1,2.9,0.367,1.4,2.7,0.524,0.6,0.9,0.717,0.5,0.9,0.4,0.7,6.6,6.944999999999999
Isaiah Livers,PF,24,DET,2.3,5.5,0.417,1.4,3.9,0.365,0.9,1.6,0.541,0.6,0.8,0.821,0.5,0.8,0.5,0.6,6.7,7.074999999999999
Kenneth Lofton Jr.,PF,20,MEM,2.0,3.9,0.527,0.3,0.7,0.353,1.8,3.2,0.566,0.7,1.1,0.593,0.8,0.8,0.2,0.5,5.0,5.799
Kevon Looney,C,26,GSW,3.0,4.7,0.63,0.0,0.0,0.0,3.0,4.7,0.632,1.1,1.9,0.606,3.3,2.5,0.6,0.5,7.0,11.109
Brook Lopez,C,34,MIL,6.1,11.5,0.531,1.7,4.7,0.374,4.4,6.9,0.637,1.9,2.4,0.784,2.0,1.3,0.5,1.4,15.9,17.125
Robin Lopez,C,34,CLE,1.3,2.0,0.64,0.1,0.1,0.5,1.2,1.9,0.648,0.4,0.5,0.778,0.6,0.5,0.1,0.7,3.0,3.1180000000000003
Kevin Love,PF,34,TOT,2.7,6.8,0.389,1.6,4.8,0.334,1.1,2.1,0.516,1.3,1.5,0.879,1.0,1.9,0.3,1.1,8.2,8.56
Kyle Lowry,PG,36,MIA,3.6,8.8,0.404,1.9,5.6,0.345,1.6,3.2,0.509,2.1,2.5,0.859,0.8,5.1,1.0,1.9,11.2,10.908999999999999
Trey Lyles,PF,27,SAC,2.5,5.5,0.458,1.2,3.2,0.363,1.4,2.3,0.595,1.4,1.7,0.815,0.9,0.9,0.4,0.9,7.6,8.286999999999999
Théo Maledon,PG,21,CHO,2.3,5.8,0.402,0.6,2.2,0.295,1.7,3.6,0.465,1.4,1.7,0.851,0.3,3.5,0.8,1.3,6.7,6.379
Sandro Mamukelashvili,C,23,TOT,2.3,5.3,0.422,0.7,2.3,0.303,1.6,3.0,0.511,0.9,1.3,0.684,1.6,1.4,0.3,0.8,6.1,7.513000000000002
Terance Mann,SG,26,LAC,3.4,6.5,0.519,1.0,2.4,0.389,2.4,4.0,0.598,1.1,1.5,0.78,1.0,2.3,0.5,1.0,8.8,9.504999999999999
Tre Mann,PG,21,OKC,2.9,7.5,0.393,1.2,3.8,0.315,1.7,3.6,0.475,0.6,0.8,0.764,0.4,1.8,0.6,0.9,7.7,7.7269999999999985
Boban Marjanović,C,34,HOU,1.3,1.9,0.683,0.0,0.0,0.0,1.3,1.9,0.695,0.6,0.9,0.741,0.6,0.3,0.2,0.5,3.3,3.5629999999999997
Lauri Markkanen,PF,25,UTA,8.7,17.3,0.499,3.0,7.7,0.391,5.6,9.6,0.585,5.3,6.0,0.875,2.0,1.9,0.6,1.9,25.6,26.365000000000002
Naji Marshall,SF,25,NOP,3.2,7.4,0.433,0.9,2.8,0.303,2.4,4.6,0.513,1.8,2.3,0.789,0.6,2.5,0.7,1.3,9.1,9.318000000000001
Caleb Martin,SF,27,MIA,3.6,7.7,0.464,1.2,3.3,0.356,2.4,4.4,0.545,1.3,1.6,0.805,1.2,1.6,1.0,1.1,9.6,11.001
Cody Martin,SF,27,CHO,2.0,5.1,0.389,0.4,2.0,0.214,1.6,3.1,0.5,0.6,1.0,0.571,1.1,1.6,0.6,0.3,5.0,6.643
Kenyon Martin Jr.,SF,22,HOU,5.0,8.8,0.569,0.8,2.6,0.315,4.2,6.1,0.679,1.8,2.7,0.68,1.5,1.5,0.5,1.1,12.7,13.68
Tyrese Martin,SG,23,ATL,0.6,1.4,0.391,0.1,0.4,0.143,0.5,1.0,0.5,0.1,0.1,1.0,0.3,0.1,0.1,0.1,1.3,1.754
Garrison Mathews,SG,26,TOT,1.4,3.7,0.363,1.2,3.3,0.35,0.2,0.4,0.476,0.9,1.0,0.906,0.2,0.5,0.4,0.4,4.8,5.135999999999999
Bennedict Mathurin,SG,20,IND,5.3,12.2,0.434,1.3,4.0,0.323,4.0,8.2,0.488,4.8,5.8,0.828,1.1,1.5,0.6,1.9,16.7,16.503
Wesley Matthews,SF,36,MIL,1.1,3.1,0.363,0.8,2.4,0.315,0.4,0.7,0.528,0.5,0.5,0.857,0.7,0.7,0.4,0.3,3.4,4.641
Tyrese Maxey,SG,22,PHI,7.3,15.2,0.481,2.7,6.2,0.434,4.7,9.1,0.513,3.0,3.6,0.845,0.4,3.5,0.8,1.3,20.3,20.397000000000002
Skylar Mays,PG,25,POR,5.7,11.3,0.5,2.0,4.3,0.462,3.7,7.0,0.524,2.0,2.2,0.923,0.3,8.3,1.0,1.7,15.3,14.949
Miles McBride,PG,22,NYK,1.2,3.4,0.358,0.6,2.1,0.299,0.6,1.3,0.457,0.4,0.7,0.667,0.2,1.1,0.6,0.4,3.5,3.8660000000000005
Mac McClung,SG,24,PHI,4.5,10.0,0.45,2.0,5.5,0.364,2.5,4.5,0.556,1.5,2.5,0.6,1.5,4.5,0.0,1.5,12.5,12.545
CJ McCollum,SG,31,NOP,7.8,17.9,0.437,2.8,7.2,0.389,5.0,10.7,0.469,2.4,3.2,0.769,0.7,5.7,0.9,2.4,20.9,19.900999999999996
T.J. McConnell,PG,30,IND,3.8,6.9,0.543,0.3,0.8,0.441,3.4,6.2,0.556,0.8,0.9,0.853,0.6,5.3,1.1,1.9,8.7,8.288
Jaden McDaniels,SF,22,MIN,4.7,9.1,0.517,1.4,3.4,0.398,3.3,5.7,0.588,1.3,1.8,0.736,1.2,1.9,0.9,1.4,12.1,12.941
Jalen McDaniels,SF,25,TOT,3.5,7.7,0.455,1.0,2.9,0.332,2.6,4.8,0.53,1.5,1.7,0.841,0.8,1.6,1.0,1.2,9.4,10.413999999999998
Doug McDermott,SF,31,SAS,3.7,8.2,0.457,1.9,4.7,0.413,1.8,3.5,0.516,0.8,1.1,0.757,0.4,1.4,0.2,0.9,10.2,9.767
JaVale McGee,C,35,DAL,1.9,3.0,0.64,0.0,0.1,0.4,1.9,2.9,0.65,0.6,1.0,0.585,0.7,0.3,0.1,0.9,4.4,4.305999999999999
Bryce McGowens,SG,20,CHO,1.7,4.4,0.396,0.6,1.7,0.325,1.2,2.7,0.443,1.3,1.7,0.75,0.4,1.2,0.3,0.9,5.3,5.281999999999999
Rodney McGruder,SG,31,DET,1.9,4.8,0.408,1.3,3.0,0.423,0.7,1.7,0.382,0.6,0.7,0.818,0.6,0.9,0.5,0.3,5.7,6.838000000000001
Jordan McLaughlin,PG,26,MIN,1.4,3.4,0.421,0.6,1.8,0.308,0.9,1.6,0.552,0.3,0.4,0.833,0.3,3.4,0.7,0.8,3.7,4.138999999999999
De'Anthony Melton,SG,24,PHI,3.6,8.5,0.425,2.0,5.2,0.39,1.6,3.2,0.484,0.9,1.1,0.793,0.9,2.6,1.6,1.3,10.1,11.507
Sam Merrill,SG,26,CLE,1.8,4.4,0.409,1.0,3.6,0.278,0.8,0.8,1.0,0.4,0.4,1.0,0.0,1.0,0.8,0.0,5.0,5.92
Chimezie Metu,PF,25,SAC,2.0,3.3,0.589,0.1,0.6,0.237,1.8,2.7,0.663,0.8,1.1,0.74,0.7,0.6,0.3,0.5,4.9,5.295999999999999
Khris Middleton,SF,31,MIL,5.4,12.3,0.436,1.5,4.9,0.315,3.8,7.4,0.516,2.8,3.1,0.902,0.8,4.9,0.7,2.2,15.1,14.118999999999998
Patty Mills,PG,34,BRK,2.2,5.2,0.411,1.2,3.4,0.366,0.9,1.9,0.493,0.6,0.8,0.833,0.2,1.4,0.4,0.8,6.2,5.775999999999999
Shake Milton,SG,26,PHI,3.2,6.6,0.479,0.7,1.9,0.378,2.4,4.7,0.521,1.3,1.5,0.853,0.5,3.2,0.3,1.2,8.4,7.755
Justin Minaya,SF,23,POR,1.8,5.8,0.304,0.8,3.0,0.25,1.0,2.8,0.364,0.0,0.3,0.0,0.8,1.0,0.5,1.0,4.3,4.769
Josh Minott,SF,20,MIN,1.2,2.4,0.5,0.1,0.4,0.333,1.1,2.0,0.533,0.5,0.5,1.0,0.3,0.3,0.3,0.2,3.1,3.469
Davion Mitchell,PG,24,SAC,2.3,5.0,0.454,0.8,2.5,0.32,1.5,2.5,0.584,0.3,0.4,0.806,0.2,2.3,0.6,0.8,5.6,5.7059999999999995
Donovan Mitchell,SG,26,CLE,10.0,20.6,0.484,3.6,9.3,0.386,6.4,11.3,0.566,4.7,5.4,0.867,0.9,4.4,1.5,2.6,28.3,28.097000000000005
Evan Mobley,PF,21,CLE,6.6,12.0,0.554,0.3,1.3,0.216,6.4,10.7,0.595,2.6,3.8,0.674,2.4,2.8,0.8,1.8,16.2,17.982
Isaiah Mobley,PF,23,CLE,1.0,2.3,0.429,0.3,0.7,0.375,0.8,1.7,0.45,0.3,0.3,1.0,0.3,0.3,0.3,0.1,2.6,3.3839999999999995
Chima Moneke,SF,27,SAC,0.5,1.0,0.5,0.0,0.0,,0.5,1.0,0.5,0.0,1.0,0.0,1.0,0.5,0.0,1.0,1.0,1.0299999999999998
Malik Monk,SG,24,SAC,4.6,10.3,0.448,1.9,5.2,0.359,2.8,5.2,0.538,2.4,2.7,0.889,0.4,3.9,0.6,1.9,13.5,12.677
Moses Moody,SG,20,GSW,1.7,3.6,0.476,0.8,2.1,0.363,0.9,1.5,0.641,0.6,0.8,0.698,0.4,0.8,0.3,0.5,4.8,5.042
Xavier Moon,SG,28,LAC,0.8,2.3,0.333,0.3,0.8,0.333,0.5,1.5,0.333,0.0,0.0,,0.0,1.3,0.0,0.3,1.8,1.555
Wendell Moore Jr.,SG,21,MIN,0.6,1.5,0.419,0.1,0.6,0.118,0.6,0.9,0.615,0.1,0.2,0.8,0.1,0.6,0.3,0.3,1.4,1.7179999999999997
Ja Morant,PG,23,MEM,9.3,19.9,0.466,1.5,4.9,0.307,7.8,15.0,0.519,6.1,8.1,0.748,1.0,8.1,1.1,3.4,26.2,24.735000000000003
Marcus Morris,PF,33,LAC,4.2,9.9,0.426,1.7,4.7,0.364,2.5,5.2,0.484,1.0,1.3,0.782,0.4,1.8,0.6,0.9,11.2,11.226999999999999
Markieff Morris,PF,33,TOT,1.3,3.3,0.409,0.8,2.0,0.394,0.5,1.3,0.432,0.3,0.3,1.0,0.4,0.9,0.3,0.5,3.8,3.942
Monte Morris,PG,27,WAS,4.0,8.3,0.48,1.3,3.3,0.382,2.7,5.0,0.543,1.0,1.2,0.831,0.4,5.3,0.7,1.0,10.3,10.427
Trey Murphy III,SF,22,NOP,4.9,10.1,0.484,2.6,6.3,0.406,2.3,3.8,0.611,2.2,2.4,0.905,0.7,1.4,1.1,0.8,14.5,15.771000000000003
Dejounte Murray,SG,26,ATL,8.3,17.8,0.464,1.8,5.2,0.344,6.5,12.6,0.514,2.1,2.6,0.832,0.7,6.1,1.5,2.2,20.5,20.521
Jamal Murray,PG,25,DEN,7.3,16.0,0.454,2.6,6.6,0.398,4.6,9.4,0.494,2.8,3.3,0.833,0.7,6.2,1.0,2.2,20.0,19.246
Keegan Murray,SF,22,SAC,4.4,9.8,0.453,2.6,6.3,0.411,1.9,3.5,0.527,0.8,1.0,0.765,1.1,1.2,0.8,0.8,12.2,13.698000000000002
Mike Muscala,C,31,TOT,2.1,4.6,0.449,1.3,3.3,0.391,0.8,1.3,0.588,0.6,0.8,0.769,0.6,0.8,0.2,0.4,6.1,6.578
Svi Mykhailiuk,SF,25,TOT,2.4,5.4,0.445,1.3,3.1,0.424,1.1,2.3,0.473,0.8,1.2,0.667,0.5,1.7,0.5,0.8,6.9,7.145
Larry Nance Jr.,C,30,NOP,2.9,4.7,0.61,0.2,0.6,0.333,2.6,4.0,0.654,0.8,1.2,0.696,1.6,1.8,0.9,0.6,6.8,8.833
Andrew Nembhard,SG,23,IND,3.8,8.6,0.441,1.2,3.5,0.35,2.6,5.1,0.504,0.7,0.8,0.79,0.5,4.5,0.9,1.7,9.5,9.17
Aaron Nesmith,SF,23,IND,3.5,8.1,0.427,1.6,4.3,0.366,1.9,3.8,0.496,1.6,1.9,0.838,0.8,1.3,0.8,1.0,10.1,10.914000000000001
Raul Neto,PG,30,CLE,1.2,2.3,0.518,0.3,0.9,0.286,0.9,1.4,0.662,0.6,0.7,0.912,0.2,1.6,0.4,0.5,3.3,3.4210000000000003
Georges Niang,PF,29,PHI,2.8,6.4,0.442,2.0,4.9,0.401,0.9,1.5,0.576,0.5,0.6,0.867,0.2,1.0,0.4,0.7,8.2,8.191000000000003
Daishen Nix,PG,20,HOU,1.4,4.2,0.342,0.7,2.5,0.286,0.7,1.7,0.423,0.4,0.6,0.667,0.3,2.3,0.5,1.5,4.0,3.104
Zeke Nnaji,PF,22,DEN,2.1,3.7,0.561,0.3,1.2,0.262,1.8,2.5,0.71,0.8,1.2,0.645,1.2,0.3,0.3,0.6,5.2,6.370999999999999
Nerlens Noel,C,28,TOT,0.8,2.1,0.361,0.1,0.1,0.5,0.7,2.0,0.353,0.5,0.7,0.667,0.6,0.6,0.9,0.8,2.1,3.0230000000000006
Jaylen Nowell,SG,23,MIN,4.3,9.6,0.448,1.0,3.6,0.289,3.3,6.0,0.542,1.2,1.5,0.778,0.6,2.0,0.6,1.0,10.8,11.047999999999998
Frank Ntilikina,SG,24,DAL,1.0,2.8,0.364,0.4,1.4,0.254,0.7,1.4,0.477,0.5,0.7,0.667,0.1,1.2,0.3,0.6,2.9,2.8729999999999998
Kendrick Nunn,SG,27,TOT,2.7,6.4,0.424,1.1,3.2,0.354,1.6,3.2,0.493,0.5,0.6,0.854,0.2,1.3,0.4,0.9,7.1,6.661
Jusuf Nurkić,C,28,POR,5.0,9.7,0.519,0.8,2.3,0.361,4.2,7.4,0.567,2.4,3.7,0.661,2.2,2.9,0.8,2.3,13.3,14.071000000000002
Jordan Nwora,SF,24,TOT,3.1,7.2,0.436,1.4,3.4,0.408,1.7,3.8,0.462,1.1,1.4,0.791,0.8,1.4,0.4,1.1,8.7,8.838999999999999
Royce O'Neale,SF,29,BRK,3.0,7.8,0.386,2.1,5.5,0.389,0.9,2.3,0.379,0.7,0.9,0.725,0.7,3.7,0.9,1.5,8.8,8.936000000000002
Chuma Okeke,SF,24,ORL,1.6,4.5,0.352,1.0,3.2,0.302,0.6,1.3,0.472,0.6,0.8,0.762,1.0,1.4,0.7,0.6,4.7,6.094999999999999
Josh Okogie,SG,24,PHO,2.3,5.8,0.391,0.9,2.7,0.335,1.3,3.0,0.442,1.9,2.7,0.724,1.5,1.5,0.8,0.9,7.3,8.855
Onyeka Okongwu,C,22,ATL,4.0,6.2,0.638,0.1,0.2,0.308,3.9,6.1,0.647,1.9,2.5,0.781,2.7,1.0,0.7,1.0,9.9,12.841
Isaac Okoro,SF,22,CLE,2.3,4.7,0.494,0.8,2.3,0.363,1.5,2.4,0.617,1.0,1.4,0.757,0.7,1.1,0.7,0.6,6.4,7.341000000000001
KZ Okpala,PF,23,SAC,0.5,1.1,0.421,0.2,0.6,0.333,0.3,0.5,0.529,0.2,0.2,0.875,0.2,0.4,0.2,0.2,1.3,1.6360000000000001
Victor Oladipo,SG,30,MIA,3.8,9.6,0.397,1.7,5.0,0.33,2.1,4.5,0.471,1.4,1.9,0.747,0.4,3.5,1.4,2.1,10.7,10.367
Kelly Olynyk,C,31,UTA,4.1,8.2,0.499,1.4,3.5,0.394,2.7,4.7,0.576,2.9,3.4,0.853,1.2,3.7,0.9,2.5,12.5,12.076
Eugene Omoruyi,SF,25,TOT,2.5,5.7,0.443,0.6,2.2,0.281,1.9,3.5,0.547,1.3,1.9,0.68,1.1,0.7,0.7,0.9,7.0,7.968
Cedi Osman,SF,27,CLE,3.1,6.9,0.451,1.5,4.1,0.372,1.6,2.8,0.564,1.0,1.4,0.694,0.3,1.5,0.5,0.7,8.7,8.823999999999998
Kelly Oubre Jr.,SF,27,CHO,7.4,17.1,0.431,2.3,7.1,0.319,5.1,10.0,0.51,3.3,4.3,0.76,1.4,1.1,1.4,1.3,20.3,22.166999999999998
Chris Paul,PG,37,PHO,5.0,11.3,0.44,1.7,4.4,0.375,3.3,6.9,0.482,2.3,2.7,0.831,0.5,8.9,1.5,1.9,13.9,14.130000000000003
Cameron Payne,PG,28,PHO,3.9,9.4,0.415,1.4,3.9,0.368,2.5,5.6,0.448,1.0,1.3,0.766,0.3,4.5,0.7,1.7,10.3,9.403999999999998
Gary Payton II,SG,30,TOT,1.9,3.1,0.594,0.6,1.2,0.5,1.3,2.0,0.651,0.3,0.3,0.857,1.1,1.4,1.0,0.7,4.6,6.343
Theo Pinson,SG,27,DAL,0.8,2.2,0.356,0.6,1.6,0.355,0.2,0.6,0.36,0.3,0.3,0.846,0.3,1.2,0.2,0.3,2.4,2.739
Scotty Pippen Jr.,PG,22,LAL,0.7,2.0,0.333,0.2,0.5,0.333,0.5,1.5,0.333,0.8,1.5,0.556,0.3,0.3,0.3,0.3,2.3,2.7540000000000004
Mason Plumlee,C,32,TOT,4.2,6.1,0.68,0.0,0.0,,4.2,6.1,0.68,2.5,4.0,0.636,2.9,3.1,0.6,1.5,10.8,13.286999999999999
Jakob Poeltl,C,27,TOT,5.4,8.6,0.629,0.0,0.0,0.0,5.4,8.6,0.63,1.7,2.8,0.592,3.3,2.7,0.9,1.7,12.5,15.473999999999998
Aleksej Pokusevski,PF,21,OKC,3.2,7.3,0.434,1.1,3.1,0.365,2.1,4.3,0.483,0.6,1.0,0.629,1.3,1.9,0.6,1.3,8.1,8.829
Jordan Poole,PG,23,GSW,6.7,15.6,0.43,2.6,7.8,0.336,4.1,7.8,0.524,4.4,5.1,0.87,0.4,4.5,0.8,3.1,20.4,18.227
Kevin Porter Jr.,PG,22,HOU,6.6,15.0,0.442,2.4,6.5,0.366,4.2,8.5,0.501,3.5,4.5,0.784,1.3,5.7,1.4,3.2,19.2,18.564
Michael Porter Jr.,SF,24,DEN,6.4,13.2,0.487,3.0,7.3,0.414,3.4,5.9,0.579,1.5,1.9,0.8,1.0,1.0,0.6,1.1,17.4,17.905
Otto Porter Jr.,SF,29,TOR,1.9,3.8,0.5,0.8,2.1,0.353,1.1,1.6,0.692,1.0,1.0,1.0,0.8,1.0,1.4,0.5,5.5,7.579
Bobby Portis,PF,27,MIL,5.7,11.5,0.496,1.4,3.7,0.37,4.3,7.8,0.555,1.4,1.8,0.768,2.2,1.5,0.4,1.2,14.1,15.876000000000001
Kristaps Porziņģis,C,27,WAS,7.8,15.7,0.498,2.1,5.5,0.385,5.7,10.2,0.559,5.4,6.4,0.851,1.8,2.7,0.9,2.1,23.2,23.844
Micah Potter,PF,24,UTA,1.4,2.1,0.667,0.6,1.0,0.571,0.9,1.1,0.75,0.0,0.0,,0.4,0.6,0.1,0.3,3.4,3.8419999999999996
Dwight Powell,C,31,DAL,2.6,3.5,0.732,0.0,0.1,0.0,2.6,3.5,0.746,1.5,2.2,0.667,2.0,0.9,0.6,0.9,6.7,8.715
Norman Powell,SG,29,LAC,5.7,11.8,0.479,1.9,4.8,0.397,3.8,7.1,0.534,3.8,4.6,0.812,0.4,1.8,0.8,1.7,17.0,16.537
Jason Preston,PG,23,LAC,1.3,2.9,0.439,0.4,1.3,0.278,0.9,1.6,0.565,0.0,0.1,0.0,0.1,1.9,0.1,0.7,2.9,2.428
Joshua Primo,SG,20,SAS,2.3,6.5,0.346,0.8,3.0,0.25,1.5,3.5,0.429,1.8,2.3,0.778,0.5,4.5,0.3,2.8,7.0,4.915
Taurean Prince,PF,28,MIN,3.3,7.0,0.467,1.4,3.6,0.381,1.9,3.4,0.557,1.2,1.4,0.844,0.3,1.6,0.5,1.3,9.1,8.633999999999999
Payton Pritchard,PG,25,BOS,2.1,5.1,0.412,1.2,3.2,0.364,0.9,1.9,0.495,0.3,0.3,0.75,0.5,1.3,0.3,0.8,5.6,5.714999999999999
Trevelin Queen,SG,25,IND,1.0,4.1,0.241,0.3,2.1,0.133,0.7,2.0,0.357,0.7,0.7,1.0,1.1,0.9,0.3,1.0,3.0,3.493
Neemias Queta,C,23,SAC,1.2,1.8,0.667,0.0,0.0,,1.2,1.8,0.667,0.0,0.4,0.0,1.0,0.2,0.0,0.2,2.4,3.35
Immanuel Quickley,SG,23,NYK,5.2,11.6,0.448,2.1,5.6,0.37,3.1,6.0,0.521,2.5,3.1,0.819,0.7,3.4,1.0,1.2,14.9,15.596
Lester Quinones,SG,22,GSW,0.5,1.3,0.4,0.5,1.0,0.5,0.0,0.3,0.0,1.0,1.5,0.667,0.3,0.5,0.3,1.3,2.5,1.704
Julius Randle,PF,28,NYK,8.5,18.6,0.459,2.8,8.3,0.343,5.7,10.3,0.553,5.2,6.9,0.757,1.8,4.1,0.6,2.8,25.1,24.593999999999998
Austin Reaves,SG,24,LAL,4.0,7.7,0.529,1.3,3.4,0.398,2.7,4.3,0.631,3.6,4.1,0.864,0.5,3.4,0.5,1.5,13.0,12.34
Cam Reddish,SF,23,TOT,3.5,7.8,0.446,1.1,3.6,0.313,2.4,4.2,0.56,1.6,1.9,0.853,0.5,1.4,1.0,1.2,9.7,10.059999999999999
Davon Reed,SG,27,TOT,0.7,2.0,0.333,0.4,1.1,0.37,0.3,0.9,0.289,0.4,0.6,0.667,0.2,0.5,0.3,0.5,2.1,2.2059999999999995
Paul Reed,C,23,PHI,1.8,3.0,0.593,0.0,0.1,0.167,1.8,2.9,0.606,0.6,0.7,0.745,1.6,0.4,0.7,0.7,4.2,6.088
Naz Reid,C,23,MIN,4.6,8.5,0.537,1.1,3.2,0.346,3.5,5.3,0.653,1.3,1.9,0.677,1.1,1.1,0.6,1.4,11.5,11.978000000000002
Jared Rhoden,SG,23,DET,1.2,3.1,0.386,0.4,1.4,0.25,0.9,1.7,0.5,0.4,0.4,1.0,0.8,0.3,0.3,0.2,3.2,4.459
Nick Richards,C,25,CHO,3.0,4.8,0.629,0.0,0.0,1.0,3.0,4.8,0.628,2.1,2.8,0.749,2.3,0.6,0.2,0.9,8.2,10.009
Josh Richardson,SG,29,TOT,3.7,8.5,0.431,1.6,4.5,0.365,2.0,4.0,0.506,1.1,1.2,0.852,0.6,2.7,1.1,1.3,10.1,10.378000000000002
Austin Rivers,SG,30,MIN,1.8,4.0,0.435,0.8,2.4,0.35,0.9,1.7,0.558,0.6,0.8,0.769,0.1,1.4,0.5,0.4,4.9,5.033
Duncan Robinson,SF,28,MIA,2.1,5.6,0.371,1.5,4.6,0.328,0.6,1.1,0.556,0.7,0.8,0.906,0.2,1.1,0.3,0.7,6.4,6.176
Mitchell Robinson,C,24,NYK,3.2,4.7,0.671,0.0,0.0,,3.2,4.7,0.671,1.0,2.1,0.484,4.5,0.9,0.9,0.7,7.4,12.940000000000001
Orlando Robinson,C,22,MIA,1.5,2.9,0.528,0.0,0.2,0.0,1.5,2.7,0.566,0.7,1.0,0.71,1.5,0.8,0.4,0.5,3.7,5.355
Jeremiah Robinson-Earl,PF,22,OKC,2.6,5.8,0.444,0.9,2.6,0.333,1.7,3.2,0.533,0.8,1.0,0.833,1.7,1.0,0.6,0.4,6.8,9.136
Isaiah Roby,PF,24,SAS,1.6,3.7,0.432,0.4,1.4,0.3,1.2,2.3,0.516,0.5,1.0,0.488,0.5,0.9,0.4,0.7,4.1,4.345
David Roddy,PF,21,MEM,2.6,6.0,0.429,0.9,3.0,0.307,1.6,3.0,0.553,0.6,0.9,0.631,0.7,0.8,0.4,0.8,6.7,6.866
Ryan Rollins,PG,20,GSW,0.6,1.7,0.35,0.3,0.8,0.333,0.3,0.9,0.364,0.5,0.5,1.0,0.3,0.5,0.1,1.3,1.9,0.9740000000000004
Derrick Rose,PG,34,NYK,2.3,5.9,0.384,0.7,2.3,0.302,1.6,3.6,0.438,0.4,0.4,0.917,0.3,1.7,0.3,0.8,5.6,5.479
Terrence Ross,SG,31,TOT,3.2,7.4,0.43,1.5,4.1,0.368,1.7,3.3,0.507,0.4,0.5,0.794,0.3,1.5,0.6,0.7,8.3,8.539
Terry Rozier,SG,28,CHO,7.8,18.9,0.415,2.6,8.0,0.327,5.2,10.8,0.48,2.8,3.5,0.809,0.8,5.1,1.2,2.1,21.1,20.909000000000002
Ricky Rubio,PG,32,CLE,1.8,5.4,0.343,0.6,2.5,0.256,1.2,2.9,0.417,0.8,1.1,0.8,0.3,3.5,0.8,0.9,5.2,5.238999999999999
D'Angelo Russell,PG,26,TOT,6.3,13.4,0.469,2.7,6.9,0.396,3.5,6.5,0.548,2.5,3.0,0.829,0.5,6.2,1.0,2.6,17.8,16.35
Matt Ryan,SF,25,TOT,1.2,3.2,0.37,0.9,2.5,0.381,0.2,0.7,0.333,0.3,0.4,0.833,0.1,0.5,0.1,0.2,3.6,3.403
Domantas Sabonis,C,26,SAC,7.3,11.9,0.615,0.4,1.1,0.373,6.9,10.8,0.639,4.1,5.5,0.742,3.2,7.3,0.8,2.9,19.1,20.461
Luka Šamanić,PF,23,UTA,3.7,8.1,0.456,1.1,4.4,0.258,2.6,3.7,0.692,1.3,1.9,0.692,0.0,2.1,0.9,1.4,9.9,9.225000000000001
Dario Šarić,PF-C,28,TOT,2.2,4.9,0.458,0.8,2.0,0.391,1.4,2.8,0.506,1.1,1.3,0.829,0.9,1.3,0.4,1.0,6.4,6.672000000000001
Olivier Sarr,C,23,OKC,1.7,3.3,0.5,0.1,0.9,0.125,1.6,2.4,0.636,0.6,0.8,0.714,1.3,0.4,0.1,0.4,4.0,5.289
Jordan Schakel,SF,24,WAS,0.5,1.0,0.5,0.5,0.5,1.0,0.0,0.5,0.0,0.0,0.0,,0.0,0.5,0.5,0.0,1.5,2.075
Admiral Schofield,PF,25,ORL,1.5,3.3,0.451,0.6,2.0,0.324,0.8,1.3,0.646,0.6,0.6,0.913,0.6,0.8,0.2,0.4,4.2,4.478000000000001
Dennis Schröder,PG,29,LAL,4.1,9.8,0.415,1.1,3.4,0.329,3.0,6.4,0.461,3.3,3.8,0.857,0.3,4.5,0.8,1.7,12.6,11.919
Jay Scrubb,SG,22,ORL,2.5,3.5,0.714,1.0,1.0,1.0,1.5,2.5,0.6,0.5,1.0,0.5,0.0,0.5,1.0,1.5,6.5,5.925000000000001
Dereon Seabron,SG,22,NOP,0.4,1.0,0.4,0.0,0.0,,0.4,1.0,0.4,0.0,0.0,,0.2,0.0,0.0,0.0,0.8,1.036
Alperen Şengün,C,20,HOU,5.9,10.7,0.553,0.3,0.8,0.333,5.6,9.9,0.57,2.7,3.8,0.715,3.2,3.9,0.9,2.6,14.8,16.621000000000002
Collin Sexton,PG,24,UTA,4.9,9.8,0.506,1.0,2.5,0.393,3.9,7.2,0.546,3.4,4.1,0.819,0.8,2.9,0.6,1.8,14.3,13.764000000000001
Landry Shamet,SG,25,PHO,2.8,7.5,0.377,1.9,5.0,0.377,1.0,2.5,0.376,1.1,1.3,0.882,0.3,2.3,0.7,0.9,8.7,8.923999999999998
Day'Ron Sharpe,C,21,BRK,1.9,3.6,0.544,0.1,0.2,0.545,1.8,3.3,0.544,0.7,1.1,0.636,2.1,0.8,0.3,0.9,4.7,6.388
Shaedon Sharpe,SG,19,POR,3.8,8.1,0.472,1.3,3.5,0.36,2.6,4.6,0.559,0.9,1.3,0.714,0.8,1.2,0.5,1.0,9.9,10.369000000000002
Pascal Siakam,PF,28,TOR,8.9,18.5,0.48,1.3,4.0,0.324,7.6,14.5,0.523,5.2,6.7,0.774,1.8,5.8,0.9,2.4,24.2,24.698999999999998
Chris Silva,PF,26,DAL,1.0,1.0,1.0,0.0,0.0,,1.0,1.0,1.0,0.0,0.0,,0.0,0.0,0.0,1.0,2.0,0.8500000000000001
Ben Simmons,PG,26,BRK,3.2,5.6,0.566,0.0,0.0,0.0,3.2,5.5,0.571,0.6,1.4,0.439,1.0,6.1,1.3,2.3,6.9,7.029999999999999
Kobi Simmons,SG,25,CHO,0.2,1.2,0.167,0.2,1.0,0.2,0.0,0.2,0.0,0.4,0.4,1.0,0.2,1.0,0.0,0.2,1.0,1.006
Marko Simonovic,C,23,CHI,0.3,1.0,0.286,0.1,0.6,0.25,0.1,0.4,0.333,0.1,0.3,0.5,0.1,0.0,0.0,0.0,0.9,0.718
Anfernee Simons,SG,23,POR,7.5,16.9,0.447,3.4,9.1,0.377,4.1,7.8,0.528,2.6,2.9,0.894,0.3,4.1,0.7,2.1,21.1,19.744
Jericho Sims,C,24,NYK,1.6,2.1,0.776,0.0,0.0,0.0,1.6,2.0,0.783,0.2,0.3,0.75,1.9,0.5,0.3,0.5,3.4,5.412
Marcus Smart,PG,28,BOS,4.1,9.9,0.415,1.9,5.6,0.336,2.2,4.3,0.519,1.4,1.9,0.746,0.8,6.3,1.5,2.3,11.5,11.524
Dennis Smith Jr.,PG,25,CHO,3.4,8.4,0.412,0.4,2.1,0.216,3.0,6.3,0.475,1.4,2.0,0.736,0.5,4.8,1.4,1.5,8.8,9.075
Dru Smith,SG,25,TOT,1.2,3.0,0.4,0.3,1.3,0.263,0.9,1.7,0.5,0.2,0.2,1.0,0.1,1.5,0.7,0.2,2.9,3.5930000000000004
Ish Smith,PG,34,DEN,1.2,3.0,0.397,0.0,0.3,0.167,1.2,2.8,0.42,0.0,0.1,0.5,0.1,2.3,0.2,1.0,2.5,1.5979999999999999
Jabari Smith Jr.,PF,19,HOU,4.6,11.3,0.408,1.5,4.9,0.307,3.1,6.3,0.487,2.1,2.6,0.786,1.5,1.3,0.5,1.3,12.8,13.649999999999999
Jalen Smith,C,22,IND,3.6,7.5,0.476,0.8,2.8,0.283,2.8,4.7,0.593,1.5,2.0,0.759,1.9,1.0,0.3,1.1,9.4,10.822000000000001
Xavier Sneed,SF,25,CHO,1.3,2.5,0.5,0.8,1.5,0.5,0.5,1.0,0.5,1.0,1.0,1.0,0.0,1.3,0.0,0.8,4.3,3.4800000000000004
Jeremy Sochan,PF,19,SAS,4.5,9.9,0.453,0.6,2.4,0.246,3.9,7.5,0.519,1.4,2.1,0.698,1.7,2.5,0.8,1.7,11.0,11.971
Jaden Springer,SG,20,PHI,1.1,2.2,0.486,0.1,0.3,0.4,0.9,1.9,0.5,0.4,0.5,0.75,0.4,0.5,0.4,0.2,2.6,3.202
Lamar Stevens,SF,25,CLE,2.1,4.6,0.448,0.5,1.5,0.316,1.6,3.1,0.513,0.6,0.9,0.702,0.8,0.5,0.4,0.4,5.3,6.244
Isaiah Stewart,C,21,DET,3.9,8.8,0.442,1.3,4.1,0.327,2.6,4.7,0.542,2.2,3.0,0.738,2.3,1.4,0.4,1.4,11.3,12.864
Max Strus,SF,26,MIA,4.1,9.9,0.41,2.5,7.0,0.35,1.6,2.8,0.559,1.0,1.1,0.876,0.6,2.1,0.5,0.9,11.5,11.947999999999999
Jalen Suggs,SG,21,ORL,3.5,8.4,0.419,1.2,3.8,0.327,2.3,4.6,0.496,1.6,2.2,0.723,1.0,2.9,1.3,1.8,9.9,10.404999999999998
Edmond Sumner,SG,27,BRK,2.3,5.1,0.461,0.6,1.6,0.356,1.8,3.4,0.511,1.9,2.0,0.917,0.2,1.3,0.6,0.9,7.1,7.191000000000001
Cole Swider,SF,23,LAL,0.4,1.3,0.333,0.4,1.1,0.375,0.0,0.1,0.0,0.0,0.0,,0.1,0.6,0.0,0.0,1.3,1.318
Jae'Sean Tate,SF,27,HOU,3.5,7.4,0.48,0.4,1.5,0.283,3.1,5.9,0.53,1.6,2.2,0.725,1.3,2.7,0.7,1.5,9.1,9.614
Jayson Tatum,SF,24,BOS,9.8,21.1,0.466,3.2,9.3,0.35,6.6,11.8,0.558,7.2,8.4,0.854,1.1,4.6,1.1,2.9,30.1,29.228
Terry Taylor,PF,23,TOT,1.3,2.4,0.52,0.2,0.6,0.263,1.1,1.8,0.607,0.2,0.4,0.545,0.9,0.3,0.1,0.3,2.9,3.8320000000000007
Garrett Temple,SG,36,NOP,0.7,1.8,0.4,0.4,1.0,0.423,0.3,0.8,0.368,0.1,0.2,0.75,0.2,0.5,0.4,0.2,2.0,2.366
Dalen Terry,SG,20,CHI,0.8,1.9,0.444,0.2,0.7,0.259,0.7,1.2,0.556,0.4,0.6,0.667,0.3,0.6,0.3,0.2,2.2,2.869
Daniel Theis,C,30,IND,3.0,6.3,0.477,0.3,1.6,0.182,2.7,4.7,0.576,0.7,1.7,0.417,1.0,1.3,0.3,0.4,7.0,8.065000000000001
Cam Thomas,SG,21,BRK,3.5,8.0,0.441,0.9,2.3,0.383,2.6,5.7,0.464,2.6,3.1,0.868,0.1,1.4,0.4,1.1,10.6,9.812999999999999
Klay Thompson,SF,32,GSW,7.9,18.1,0.436,4.4,10.6,0.412,3.6,7.6,0.47,1.7,1.9,0.879,0.6,2.4,0.7,1.8,21.9,21.543
JT Thor,PF,20,CHO,1.4,3.4,0.399,0.6,1.8,0.317,0.8,1.7,0.487,0.5,0.7,0.702,0.5,0.5,0.3,0.6,3.8,4.145
Matisse Thybulle,SF-SG,25,TOT,1.5,3.6,0.435,0.8,2.1,0.365,0.8,1.5,0.533,0.3,0.4,0.679,0.6,0.7,1.2,0.3,4.1,6.043
Xavier Tillman Sr.,C,24,MEM,3.1,5.0,0.614,0.1,0.2,0.267,3.0,4.8,0.632,0.8,1.5,0.551,2.0,1.6,1.0,0.7,7.0,9.805
Isaiah Todd,PF,21,WAS,0.5,3.2,0.158,0.2,1.7,0.1,0.3,1.5,0.222,0.3,0.3,1.0,0.3,0.7,0.2,0.3,1.5,1.739
Obi Toppin,PF,24,NYK,2.8,6.3,0.446,1.3,3.7,0.344,1.5,2.6,0.593,0.6,0.7,0.809,0.4,1.0,0.3,0.6,7.4,7.627000000000001
Juan Toscano-Anderson,SF,29,TOT,1.2,2.8,0.448,0.2,0.8,0.186,1.1,1.9,0.56,0.4,0.5,0.792,0.5,1.3,0.3,0.7,3.0,3.33
Karl-Anthony Towns,PF,27,MIN,7.3,14.8,0.495,2.1,5.7,0.366,5.2,9.1,0.576,4.1,4.7,0.874,1.7,4.8,0.7,3.0,20.8,20.161000000000005
Gary Trent Jr.,SG,24,TOR,6.1,14.2,0.433,2.5,6.8,0.369,3.6,7.3,0.493,2.6,3.1,0.839,0.5,1.6,1.6,0.8,17.4,18.810000000000002
P.J. Tucker,PF,37,PHI,1.3,3.0,0.427,0.7,1.9,0.393,0.5,1.1,0.482,0.3,0.3,0.826,1.3,0.8,0.5,0.6,3.5,4.818999999999999
Myles Turner,C,26,IND,6.5,11.8,0.548,1.5,4.0,0.373,5.0,7.8,0.638,3.5,4.5,0.783,1.4,1.4,0.6,1.7,18.0,18.387000000000004
Stanley Umude,SG,23,DET,0.0,1.0,0.0,0.0,1.0,0.0,0.0,0.0,,2.0,2.0,1.0,0.0,0.0,1.0,0.0,2.0,3.15
Jonas Valančiūnas,C,30,NOP,5.6,10.3,0.547,0.5,1.4,0.349,5.2,8.9,0.577,2.3,2.8,0.826,2.8,1.8,0.3,2.0,14.1,15.548999999999996
Jarred Vanderbilt,PF,23,TOT,3.2,5.8,0.548,0.4,1.2,0.322,2.8,4.6,0.604,1.2,1.8,0.691,2.2,2.4,1.1,1.2,7.9,10.481000000000002
Fred VanVleet,PG,28,TOR,6.3,16.1,0.393,3.0,8.8,0.342,3.3,7.3,0.455,3.7,4.1,0.898,0.4,7.2,1.8,2.0,19.3,19.542
Devin Vassell,SG,22,SAS,6.9,15.7,0.439,2.7,7.0,0.387,4.2,8.7,0.48,2.1,2.6,0.78,0.2,3.6,1.1,1.5,18.5,18.376
Gabe Vincent,PG,26,MIA,3.4,8.3,0.402,1.7,5.1,0.334,1.6,3.2,0.512,1.0,1.1,0.872,0.4,2.5,0.9,1.4,9.4,9.197000000000001
Noah Vonleh,C,27,BOS,0.5,1.0,0.458,0.0,0.2,0.25,0.4,0.9,0.5,0.1,0.1,1.0,0.8,0.3,0.1,0.5,1.1,1.384
Nikola Vučević,C,32,CHI,7.3,14.0,0.52,1.5,4.2,0.349,5.8,9.8,0.594,1.6,1.9,0.835,1.9,3.2,0.7,1.7,17.6,18.792000000000005
Dean Wade,PF,26,CLE,1.7,4.0,0.412,1.0,2.9,0.354,0.6,1.1,0.56,0.3,0.5,0.652,0.5,0.8,0.6,0.4,4.7,5.319999999999999
Franz Wagner,SF,21,ORL,6.8,14.0,0.485,1.6,4.5,0.361,5.2,9.5,0.544,3.4,4.0,0.842,0.9,3.5,1.0,2.1,18.6,18.397000000000002
Moritz Wagner,C,25,ORL,3.5,6.9,0.5,0.9,2.9,0.313,2.6,4.1,0.631,2.7,3.2,0.841,1.2,1.5,0.6,1.2,10.5,11.326
Ish Wainright,SF,28,PHO,1.4,3.8,0.37,1.0,2.9,0.329,0.5,0.9,0.5,0.4,0.5,0.839,0.8,0.9,0.6,0.4,4.2,5.574000000000001
Jabari Walker,SF,20,POR,1.5,3.5,0.419,0.3,1.0,0.286,1.2,2.5,0.472,0.6,0.8,0.756,0.9,0.6,0.2,0.5,3.9,4.617
Kemba Walker,PG,32,DAL,2.7,6.3,0.421,0.8,3.1,0.25,1.9,3.2,0.586,1.9,2.3,0.81,0.3,2.1,0.2,0.4,8.0,8.224
Lonnie Walker IV,SG,24,LAL,4.2,9.4,0.448,1.6,4.4,0.365,2.6,5.0,0.522,1.6,1.9,0.858,0.3,1.1,0.5,0.8,11.7,11.608999999999998
John Wall,PG,32,LAC,4.1,9.9,0.408,1.0,3.2,0.303,3.1,6.7,0.459,2.3,3.3,0.681,0.4,5.2,0.8,2.4,11.4,10.132
T.J. Warren,PF-SF,29,TOT,3.1,6.4,0.489,0.5,1.6,0.328,2.6,4.8,0.542,0.7,0.8,0.8,0.6,1.0,0.5,0.5,7.5,8.108
Duane Washington Jr.,SG,22,PHO,3.0,8.3,0.367,1.3,3.6,0.36,1.7,4.7,0.372,0.5,0.8,0.667,0.1,2.0,0.2,1.1,7.9,6.883000000000002
P.J. Washington,PF,24,CHO,5.9,13.4,0.444,2.0,5.9,0.348,3.9,7.5,0.518,1.7,2.4,0.73,1.0,2.4,0.9,1.5,15.7,15.99
TyTy Washington Jr.,PG,21,HOU,1.9,5.2,0.363,0.6,2.6,0.238,1.3,2.6,0.488,0.3,0.6,0.556,0.1,1.5,0.5,0.5,4.7,4.8180000000000005
Yuta Watanabe,SF,28,BRK,2.0,4.0,0.491,1.0,2.3,0.444,0.9,1.7,0.557,0.6,0.8,0.723,0.5,0.8,0.4,0.4,5.6,5.989999999999999
Lindy Waters III,SG,25,OKC,1.7,4.3,0.393,1.4,4.0,0.358,0.3,0.4,0.75,0.4,0.5,0.8,0.4,0.7,0.3,0.2,5.2,5.786999999999999
Trendon Watford,PF,22,POR,2.9,5.2,0.56,0.4,1.0,0.391,2.5,4.2,0.602,1.2,1.6,0.72,0.7,2.1,0.5,1.1,7.4,7.5360000000000005
Peyton Watson,SG,20,DEN,1.3,2.6,0.492,0.3,0.6,0.429,1.0,2.0,0.511,0.5,0.9,0.55,0.3,0.5,0.1,0.3,3.3,3.524
Blake Wesley,SG,19,SAS,1.9,5.8,0.321,0.5,1.4,0.385,1.3,4.4,0.301,0.7,1.2,0.591,0.3,2.7,0.7,1.8,5.0,3.889
Russell Westbrook,PG,34,TOT,5.9,13.6,0.436,1.2,3.9,0.311,4.7,9.7,0.487,2.8,4.3,0.656,1.2,7.5,1.0,3.5,15.9,14.341000000000001
Coby White,SG,22,CHI,3.6,8.0,0.443,1.7,4.6,0.372,1.8,3.4,0.54,0.8,0.9,0.871,0.2,2.8,0.7,1.0,9.7,9.391
Derrick White,SG,28,BOS,4.3,9.2,0.462,1.8,4.8,0.381,2.5,4.5,0.548,2.0,2.3,0.875,0.6,3.9,0.7,1.2,12.4,12.533000000000001
Jack White,SF,25,DEN,0.5,1.1,0.421,0.2,0.5,0.333,0.3,0.6,0.5,0.1,0.2,0.667,0.4,0.2,0.2,0.1,1.2,1.8870000000000002
Joe Wieskamp,SF,23,TOR,0.3,1.6,0.214,0.3,1.3,0.25,0.0,0.2,0.0,0.0,0.0,,0.0,0.3,0.0,0.1,1.0,0.7849999999999999
Aaron Wiggins,SG,24,OKC,2.7,5.2,0.512,0.7,1.7,0.393,2.0,3.4,0.573,0.8,1.0,0.831,1.0,1.1,0.6,0.8,6.8,7.85
Andrew Wiggins,SF,27,GSW,6.8,14.3,0.473,2.4,6.1,0.396,4.4,8.2,0.53,1.2,1.9,0.611,1.6,2.3,1.2,1.3,17.1,18.973
Lindell Wigginton,PG,24,MIL,2.6,5.3,0.486,0.9,2.6,0.333,1.7,2.7,0.632,1.1,1.3,0.889,0.0,2.0,0.0,1.7,7.1,5.244999999999999
Alondes Williams,SG,23,BRK,0.0,0.0,,0.0,0.0,,0.0,0.0,,0.0,0.0,,0.0,0.0,0.0,2.0,0.0,-2.3
Donovan Williams,SG,21,ATL,1.0,2.5,0.4,0.0,1.0,0.0,1.0,1.5,0.667,0.0,0.0,,0.0,0.0,0.0,0.0,2.0,2.0
Grant Williams,PF,24,BOS,2.7,6.0,0.454,1.5,3.7,0.395,1.3,2.3,0.546,1.2,1.5,0.77,1.1,1.7,0.5,1.0,8.1,9.022999999999998
Jalen Williams,SG,21,OKC,5.5,10.6,0.521,1.0,2.7,0.356,4.5,7.9,0.579,2.1,2.5,0.812,1.1,3.3,1.4,1.6,14.1,15.168
Jaylin Williams,C,20,OKC,2.1,4.8,0.436,0.9,2.3,0.407,1.1,2.5,0.463,0.8,1.1,0.704,0.9,1.6,0.6,0.8,5.9,6.532
Jeenathan Williams,SG,23,POR,4.8,7.8,0.615,0.6,1.6,0.375,4.2,6.2,0.677,0.4,0.6,0.667,2.0,2.0,0.6,0.8,10.6,12.729999999999999
Kenrich Williams,PF,28,OKC,3.4,6.5,0.517,0.9,2.5,0.373,2.4,4.0,0.608,0.3,0.7,0.436,1.8,2.0,0.8,0.6,8.0,10.154
Mark Williams,C,21,CHO,3.7,5.8,0.637,0.0,0.0,,3.7,5.8,0.637,1.6,2.3,0.691,2.2,0.4,0.7,0.9,9.0,11.366
Patrick Williams,PF,21,CHI,3.8,8.3,0.464,1.4,3.4,0.415,2.4,4.9,0.498,1.1,1.3,0.857,1.0,1.2,0.9,1.2,10.2,10.934999999999999
Robert Williams,C,25,BOS,3.6,4.9,0.747,0.0,0.0,0.0,3.6,4.8,0.751,0.7,1.2,0.61,3.0,1.4,0.6,1.0,8.0,10.98
Vince Williams Jr.,SG,22,MEM,0.8,2.7,0.3,0.3,1.9,0.143,0.5,0.8,0.667,0.1,0.1,1.0,0.3,0.3,0.4,0.3,2.0,2.4690000000000003
Ziaire Williams,SF,21,MEM,2.3,5.3,0.429,0.7,2.6,0.258,1.6,2.7,0.596,0.5,0.6,0.773,0.4,0.9,0.4,1.0,5.7,5.582000000000001
Zion Williamson,PF,22,NOP,9.8,16.2,0.608,0.2,0.7,0.368,9.6,15.5,0.618,6.1,8.6,0.714,2.0,4.6,1.1,3.4,26.0,25.615
Dylan Windler,SF,26,CLE,0.7,1.0,0.667,0.3,0.7,0.5,0.3,0.3,1.0,0.0,0.0,,0.0,0.3,0.3,0.3,1.7,1.5
Justise Winslow,PF,26,POR,2.8,6.8,0.409,0.5,1.6,0.311,2.3,5.3,0.438,0.7,1.0,0.714,1.7,3.4,1.0,1.5,6.8,8.231
James Wiseman,C,21,TOT,4.2,7.5,0.558,0.1,0.4,0.2,4.1,7.1,0.58,1.5,2.2,0.701,1.6,0.7,0.2,1.1,10.0,10.853
Christian Wood,C,27,DAL,5.9,11.5,0.515,1.6,4.2,0.376,4.3,7.3,0.594,3.2,4.2,0.772,1.3,1.8,0.4,1.8,16.6,16.524
Delon Wright,PG,30,WAS,2.8,5.8,0.474,0.8,2.4,0.345,1.9,3.4,0.564,1.0,1.2,0.867,1.2,3.9,1.8,0.9,7.4,9.651
McKinley Wright IV,PG,24,DAL,1.7,3.6,0.469,0.3,1.0,0.321,1.4,2.6,0.529,0.5,0.7,0.684,0.3,2.1,0.3,0.7,4.2,4.093999999999999
Gabe York,SG,29,IND,2.7,7.0,0.381,2.0,6.0,0.333,0.7,1.0,0.667,0.7,0.7,1.0,0.0,1.7,0.7,0.0,8.0,8.905
Thaddeus Young,PF,34,TOR,2.0,3.7,0.545,0.1,0.6,0.176,1.9,3.0,0.622,0.3,0.5,0.692,1.3,1.4,1.0,0.8,4.4,6.164
Trae Young,PG,24,ATL,8.2,19.0,0.429,2.1,6.3,0.335,6.1,12.7,0.476,7.8,8.8,0.886,0.8,10.2,1.1,4.1,26.2,23.794
Omer Yurtseven,C,24,MIA,1.8,3.0,0.593,0.3,0.8,0.429,1.4,2.2,0.65,0.6,0.7,0.833,0.9,0.2,0.2,0.4,4.4,5.132000000000001
Cody Zeller,C,30,MIA,2.5,3.9,0.627,0.0,0.1,0.0,2.5,3.8,0.649,1.6,2.3,0.686,1.7,0.7,0.2,0.9,6.5,7.801
Ivica Zubac,C,25,LAC,4.3,6.8,0.634,0.0,0.0,0.0,4.3,6.7,0.637,2.2,3.1,0.697,3.1,1.0,0.4,1.5,10.8,13.193
